ID,Checker,Type,Impact,File,Line,Function,Classification,Merge key,CID,Disposition Comment,Defect Status
1,ARRAY_VS_SINGLETON,Out-of-bounds access,High,/ats_core_common/DL_ATS_Common_VOB/CommonASN/src/pe_OpenType.c,73,pe_OpenType,Unclassified,7e8878e20be876d5cb7bc9d370fcdc6b,Unavailable,This will not corrupt adjucent memory locations as &ptr AND &ptr[0] both are same,False Positive
2,BUFFER_SIZE,Buffer not null terminated,High,/ats_core_common/DL_ATN_App_VOB/ADSC/ConnectionMngr/src/ADSC_Connection_Mgr.c,2239,"fnADSC_conn_mgr_set_session_table(char *, bool, unsigned int, unsigned int)",Unclassified,f0042e6eccf1218948f22095a0ca33e3,Unavailable,"Exact 8 bytes of Center name is copied  to destination string using strncpy(), which will not cause any problem with NULL termination.",False Positive
3,BUFFER_SIZE,Destination buffer too small,High,/ats_core_common/DL_ATS_Common_VOB/Platform/src/TraceMngr.cpp,257,"TraceMngr::fnTrace(TraceMngr::TraceSource, char const *)",Unclassified,ea866039a5e1abf6ae5cf1ff0373b4e1,Unavailable,"Before copying using strncpy(), there is a condition check for buffer overrun ",False Positive
4,BUFFER_SIZE,Buffer not null terminated,High,/ats_core_common/DL_ATS_Common_VOB/AdscCmnConnManager/ADSC_Cmn_Conn_Mgr.c,2091,adsc_ccm_get_status(ADSC_Status_type *),Unclassified,a82a594de6aa75af5e65fbf48e1c04dc,Unavailable,"Exact 8 bytes of center address is copied  to destination string using strncpy(), which will not cause any problem with NULL termination.",False Positive
5,BUFFER_SIZE,Destination buffer too small,High,/ats_core_common/DL_FANS_App_VOB/ADS/ADS_Management/src/Ads_External_Iface.cpp,771,Ads_external_iface::inhibit_stat_addr(char const *),Unclassified,69b5f01ac8b55211cd1e48af1077a946,Unavailable,"strncpy at line 771 uses strlen(inhib_stat_addr)+1 as count, bounded by actual source length plus null terminator, inhbtd_statn_addr is declared as STATION_ADDR_SIZE+1 bytes so the write stays within buffer bounds.",False Positive
6,BUFFER_SIZE,Buffer not null terminated,High,/ats_core_common/DL_ATS_Common_VOB/AdscCmnConnManager/ADSC_Cmn_Conn_Mgr.c,1166,"adsc_ccm_get_source_center(unsigned char *, unsigned char)",Unclassified,e1c9568b7dac38ea99ed26c5995554b8,Unavailable,"Exact 7 bytes of data is copied  to destination string using strncpy(), which will not cause any problem with NULL termination.",False Positive
7,BUFFER_SIZE,Buffer not null terminated,High,/ats_core_common/DL_ATN_App_VOB/ADSC/ReportMgr/src/ADSC_Generate_fmf_pred_Rpt.c,919,"fnadsc_rptmgr_copy_pxy_PPSeqElem_to_rpt_PPSeqElem(ATS_CORE_IFACE_TYPES::adsc_ProjectedProfile_way_point_sequence_element const *, ProjectedProfile_way_point_sequence_element *)",Unclassified,cc8cdeda41bb3f3d3485ed6d435c81c0,Unavailable,"Waypoint size is 5 characters, so including NULL total 6 bytes size is allocated",False Positive
8,BUFFER_SIZE,Buffer not null terminated,High,/ats_core_common/DL_ATS_Common_VOB/AdscCmnConnManager/ADSC_Cmn_Conn_Mgr.c,1002,"adsc_ccm_set_clear_inhibit_connection(bool, char const *)",Unclassified,84a400d7dba6d737c10151b35237e728,Unavailable,"adsc_inhibited_status_addr is memset(0) in adsc_ccm_init() at line 396, at line 1011 it is compared via strncmp with MAX_CENTER_NAME_SIZE as count, not strlen, so null termination is not required.",False Positive
9,BUFFER_SIZE,Destination buffer too small,High,/ats_core_common/DL_ATS_Common_VOB/Platform/src/TraceMngr.cpp,289,"TraceMngr::fnTraceLine(TraceMngr::TraceSource, char const *, char const *, char const *)",Unclassified,0cde1fc4d29a0c9ddc56ea70c1fd4e0c,Unavailable,Buffer over run condition is checked before copying (i.e. Source string length < Dest string length),False Positive
10,BUFFER_SIZE,Buffer not null terminated,High,/ats_core_common/DL_FANS_App_VOB/FANS_ATC/AFN/src/AFN_C_Downlink.cpp,1289,afn_construct_response_msg(),Unclassified,f4297b1a9033513e083569cb8d124333,Unavailable,Destination buffer(uc_afn_msg) size(121) is > souce string size(3),False Positive
11,BUFFER_SIZE,Destination buffer too small,High,/ats_core_common/DL_ATN_App_VOB/CPDLC/SessCtrl/src/CPDLC_USR_FSM.c,10451,fnCPDLC_Usr_proc_end_ind_err_msg(CPDLC_USR_STREAM_INFO_TYPE *),Unclassified,8552cd99672ace26f7c48f5a0e083356,Unavailable,free_text buffer is having enough space (257 Bytes),False Positive
12,BUFFER_SIZE,Buffer not null terminated,High,/ats_core_common/DL_ATS_Common_VOB/AdscCmnConnManager/ADSC_Cmn_Conn_Mgr.c,265,"adsc_ccm_notify_cntr_trans_tbl_chng(char const *, char const *)",Unclassified,a3f10dd3237e0eef36df48485c0e6ea8,Unavailable,"g_ads_cntrct_internal_tbl is memset(0) in adsc_ccm_init() at line 399, center_name at line 265 is later compared using strncmp with MAX_CENTER_NAME_SIZE as count in adsc_ccm_notify_cntr_trans_tbl_chng(), never with strlen. So NULL termination is not required",False Positive
13,BUFFER_SIZE,Buffer not null terminated,High,/ats_core_common/DL_ATN_App_VOB/ADSC/ReportMgr/src/ADSC_Generate_fmf_pred_Rpt.c,629,"fnadsc_rptmgr_build_toa_range_data(ATS_CORE_IFACE_TYPES::adsc_TOARange const *, TOARange *)",Unclassified,540f2c262d1a5588563b24605ac85518,Unavailable,"Waypoint size is 5 characters, so including NULL total 6 bytes size is allocated",False Positive
14,BUFFER_SIZE,Destination buffer too small,High,/ats_core_common/DL_ATS_Common_VOB/Platform/src/TraceMngr.cpp,296,"TraceMngr::fnTraceLine(TraceMngr::TraceSource, char const *, char const *, char const *)",Unclassified,0cde1fc4d29a0c9ddc56ea70c1fd4e0c,Unavailable,Buffer over run condition is checked before copying (i.e. Source string length < Dest string length),False Positive
15,BUFFER_SIZE,Buffer not null terminated,High,/ats_core_common/DL_ATN_App_VOB/ADSC/ConnectionMngr/src/ADSC_Connection_Mgr.c,1818,"fnADSC_conn_mgr_get_name_by_port(unsigned char, DSIIcaoAddrParams *)",Unclassified,73a842b793a86c793c4007b358872a81,Unavailable,"gs_adsc_conn_mgr_session_tbl is memset(0) in fnADSC_conn_mgr_init() at line 192, after strncpy at line 1818, the byte count is stored in icaoParams->byIcaoAddrLength at line 1821 so all subsequent accesses use the stored length, not null scan.",False Positive
16,BUFFER_SIZE,Buffer not null terminated,High,/ats_core_common/DL_ATS_Common_VOB/AdscCmnConnManager/ADSC_Cmn_Conn_Mgr.c,1874,"adsc_ccm_process_cntrct_req(unsigned int, Adsc_cntrct_request_type, char *)",Unclassified,832200d84c5f061f70daa8f4592e7eaf,Unavailable,"g_ads_cntrct_internal_tbl is memset(0) in adsc_ccm_init() at line 399, center_name written at line 1874 is later compared using strncmp with MAX_CENTER_NAME_SIZE as count at line 320, never with strlen. So NULL termination is not required",False Positive
17,BUFFER_SIZE,Destination buffer too small,High,/ats_core_common/DL_ATN_App_VOB/CPDLC/SessCtrl/src/CPDLC_USR_FSM.c,10460,fnCPDLC_Usr_proc_end_ind_err_msg(CPDLC_USR_STREAM_INFO_TYPE *),Unclassified,8552cd99672ace26f7c48f5a0e083356,Unavailable,free_text buffer is having enough space (257 Bytes),False Positive
18,BUFFER_SIZE,Destination buffer too small,High,/ats_core_common/DL_ATS_Common_VOB/Platform/src/TraceMngr.cpp,303,"TraceMngr::fnTraceLine(TraceMngr::TraceSource, char const *, char const *, char const *)",Unclassified,0cde1fc4d29a0c9ddc56ea70c1fd4e0c,Unavailable,Buffer over run condition is checked before copying (i.e. Source string length < Dest string length),False Positive
19,BUFFER_SIZE,Buffer not null terminated,High,/ats_core_common/DL_FANS_App_VOB/Common/src/UTL_C_Formatting_Function.cpp,840,utils_format_out_tail_num,Unclassified,f682448867299d0ab936a32558e6d0f7,Unavailable,"uc_char_period_pad_string is a fixed-size field in parameter_data_type, strncpy at line 840 uses MAX_FORMAT_LEN as count and justify_and_fill() at line 844 processes the string with size-bounded operations, not using strlen.",False Positive
20,BUFFER_SIZE,Destination buffer too small,High,/ats_core_common/DL_ATN_App_VOB/CPDLC/SessCtrl/src/CPDLC_USR_FSM.c,10478,fnCPDLC_Usr_proc_end_ind_err_msg(CPDLC_USR_STREAM_INFO_TYPE *),Unclassified,8552cd99672ace26f7c48f5a0e083356,Unavailable,free_text buffer is having enough space (257 Bytes),False Positive
21,BUFFER_SIZE,Buffer not null terminated,High,/ats_core_common/DL_FANS_App_VOB/FANS_ATC/ATC_UL_Msg_Processor/src/ATC_C_UMP_Process_Data.cpp,1438,"ump_process_end_service(unsigned char, unsigned int, acf_uplink_data_type *)",Unclassified,59e1be54e9059e3e751abfc07f350549,Unavailable,Source string is already have enough space for NULL character(7(center_name)+1(NULL)),False Positive
22,BUFFER_SIZE,Buffer not null terminated,High,/ats_core_common/DL_FANS_App_VOB/Common/src/Fans_core_app.cpp,1178,"Fans_core_app::send_logon_request(char const *, char const *, char const *)",Unclassified,84d07b61bafb030147a7245b64c3ac48,Unavailable,Buffers are having enough space for ATC_CENTER_NAME(8) + NULL(1),False Positive
23,BUFFER_SIZE,Buffer not null terminated,High,/ats_core_common/DL_ATN_App_VOB/ADSC/ContractMgr/src/ADSC_Contract_Mgr.c,3016,"fnadsc_cntrtmgr_process_dc_toa_request(unsigned int, DemandContractRequest, unsigned int, unsigned int, unsigned int, unsigned int, eADSC_cntrt_validation_type *, unsigned char)",Unclassified,41e942aab3e4182ecca29dd81e52dc51,Unavailable,"Waypoint size is 5 characters, so including NULL total 6 bytes size is allocated",False Positive
24,BUFFER_SIZE,Buffer not null terminated,High,/ats_core_common/DL_ATS_Common_VOB/Platform/src/FaultMngr.cpp,439,"FaultMngr::fnReportFault(FaultMngr::FaultClass, bool, char const *, int)",Unclassified,686b1f0325ff8f61c01f3176daba792c,Unavailable,Destination buffer size(129) is declared with proper NULL termination byte( 128+1),False Positive
25,BUFFER_SIZE,Buffer not null terminated,High,/ats_core_common/DL_ATS_Common_VOB/SeamlessManager/seamless_manager.c,571,"SM_NDA_Update(ATS_CORE_IFACE_TYPES::SM_Network_Type, char const *)",Unclassified,d3876e8a0acf32db7c21e5349a79bbef,Unavailable,"Souce string ""seamlessManagerData.nda"" already have enough space(10) which can accomadate NDA center name(8) + NULL(1)",False Positive
26,BUFFER_SIZE,Buffer not null terminated,High,/ats_core_common/DL_ATS_Common_VOB/SeamlessManager/seamless_manager.c,702,"SM_CDA_Update(ATS_CORE_IFACE_TYPES::SM_Network_Type, char const *)",Unclassified,97b9e1a8f059c5ad27613c6e21042f26,Unavailable,"Souce string ""seamlessManagerData.cda""already have enough space(10) which can accomadate NDA center name(8) + NULL(1)",False Positive
27,BUFFER_SIZE,Destination buffer too small,High,/ats_core_common/DL_ATS_Common_VOB/Platform/src/FaultMngr.cpp,287,"FaultMngr::fnReportFault(FaultMngr::FaultClass, bool, char const *, int, char const *)",Unclassified,f322bd0e36c76898177b179bc1a22976,Unavailable,"This code is commented by pre-processor directive ""#ifdef"" which will not execute",False Positive
28,BUFFER_SIZE,Destination buffer too small,High,/ats_core_common/DL_ATN_App_VOB/CPDLC/SessCtrl/src/CPDLC_USR_FSM.c,10508,fnCPDLC_Usr_proc_end_ind_err_msg(CPDLC_USR_STREAM_INFO_TYPE *),Unclassified,8552cd99672ace26f7c48f5a0e083356,Unavailable,"Destination buffer has enough memory(257 bytes) than the source string size(50), so buffer overrun will not occurs.",False Positive
29,BUFFER_SIZE,Buffer not null terminated,High,/ats_core_common/DL_ATS_Common_VOB/Platform/src/FaultMngr.cpp,293,"FaultMngr::fnReportFault(FaultMngr::FaultClass, bool, char const *, int, char const *)",Unclassified,f322bd0e36c76898177b179bc1a22976,Unavailable,"Destination buffer have greater & enough memory(128Bytes+1NULL) than source string size(2), Which has a proper NULL termination",False Positive
30,BUFFER_SIZE,Buffer not null terminated,High,/ats_core_common/DL_ATN_App_VOB/CM/User/src/CM_UserFSM.c,6714,"fnInit_user_logon(CMUsrFSMMgr_SPECIFICS *, eLogonType)",Unclassified,cc902a1834d2c249f116489962166b5b,Unavailable,"Maximum size of an origin airport code(ICAO) is 4 bytes, including NULL character buffersize is allocated as 5 - no problem with null termination",False Positive
31,BUFFER_SIZE,Buffer not null terminated,High,/ats_core_common/DL_ATN_App_VOB/CM/User/src/CM_UserFSM.c,6722,"fnInit_user_logon(CMUsrFSMMgr_SPECIFICS *, eLogonType)",Unclassified,cc902a1834d2c249f116489962166b5b,Unavailable,"Maximum size of an  destination airport code(ICAO) is 4 bytes, including NULL character buffersize is allocated as 5 - no problem with null termination",False Positive
32,BUFFER_SIZE,Buffer not null terminated,High,/ats_core_common/DL_FANS_App_VOB/FANS_ATC/ATC_UL_Msg_Processor/src/ATC_C_UMP_Process_Connect.cpp,775,"ump_proc_concat_Connect_Req(acf_uplink_data_type *, decoded_ul_record_type *)",Unclassified,bc06d974b4f99aa51d40e9af27600b29,Unavailable,Both Source buffer(st_uplink_data_ptr->uc_center) and destination buffer(st_ul_sys_msg.uc_center_address) have 1 BYTE of extra space for NULL termination along with the maximum center length(7),False Positive
33,BUFFER_SIZE,Buffer not null terminated,High,/ats_core_common/DL_ATN_App_VOB/ADSC/ReportMgr/src/ADSC_Generate_fmf_pred_Rpt.c,1483,"fnadsc_rptmgr_copy_pxy_EPPSeqElem_to_rpt_EPPSeqElem(ATS_CORE_IFACE_TYPES::adsc_ExtendedProjectedProfile_way_point_sequence_element const *, ExtendedProjectedProfile_way_point_sequence_element *)",Unclassified,53c4b0613ff641ecee963a1a57ed39d7,Unavailable,Both Source buffer(st_pxy_elem_ptr->waypoint_name) and destination buffer(st_rpt_elem_ptr->waypointname) have 1 BYTE of extra space for NULL termination along with the maximum waypoint length(5),False Positive
34,BUFFER_SIZE,Destination buffer too small,High,/ats_core_common/DL_ATN_App_VOB/CPDLC/SessCtrl/src/CPDLC_USR_FSM.c,10525,fnCPDLC_Usr_proc_end_ind_err_msg(CPDLC_USR_STREAM_INFO_TYPE *),Unclassified,8552cd99672ace26f7c48f5a0e083356,Unavailable,"free_text[257] is memset(0, sizeof(char)*maxFreeText) at line 10425 before all strncpy calls in fnCPDLC_Usr_proc_end_ind_err_msg(), pre-zeroed remaining bytes guarantee null termination and free_text buffer size(257) is greater than sting length(45) that is being copied.",False Positive
35,BUFFER_SIZE,Buffer not null terminated,High,/ats_core_common/DL_ATN_App_VOB/ADSC/ReportMgr/src/ADSC_Generate_fmf_nonpred_Rpt.c,957,"fnadsc_rptmgr_build_holding_info_data(ATS_CORE_IFACE_TYPES::adsc_HoldData const *, HoldInformation *)",Unclassified,73e746c1fb4d022adf3a5286f58e13ca,Unavailable,Both Source buffer(st_pxy_hold_info_ptr->entryposition.waypointname) and destination buffer(st_rpt_hold_info_ptr->u.holdplanned.entryposition.waypointname) have 1 BYTE of extra space for NULL termination along with the maximum waypoint length(5),False Positive
36,BUFFER_SIZE,Buffer not null terminated,High,/ats_core_common/DL_ATN_App_VOB/CM/User/src/CM_UserFSM.c,6740,"fnInit_user_logon(CMUsrFSMMgr_SPECIFICS *, eLogonType)",Unclassified,cc902a1834d2c249f116489962166b5b,Unavailable,"Maximum size of an origin airport code(ICAO) is 4 bytes, including NULL character buffersize is allocated as 5 - no problem with null termination",False Positive
37,BUFFER_SIZE,Buffer not null terminated,High,/ats_core_common/DL_ATN_App_VOB/CM/User/src/CM_UserFSM.c,6749,"fnInit_user_logon(CMUsrFSMMgr_SPECIFICS *, eLogonType)",Unclassified,cc902a1834d2c249f116489962166b5b,Unavailable,"Maximum size of an  destination airport code(ICAO) is 4 bytes, including NULL character buffersize is allocated as 5 - no problem with null termination",False Positive
38,BUFFER_SIZE,Buffer not null terminated,High,/ats_core_common/DL_ATN_App_VOB/CM/User/src/CM_UserFSM.c,6755,"fnInit_user_logon(CMUsrFSMMgr_SPECIFICS *, eLogonType)",Unclassified,cc902a1834d2c249f116489962166b5b,Unavailable,"pCmLogonRequest is memset(0, sizeof(CMLogonRequest)) at line 6650 in fnInit_user_logon(), aircraftFlightIdentification at line 6755 is followed by a null from the memset so pe_ConstrainedStringEx in asn1PE_AircraftFlightIdentification encodes within the 8-byte field boundary.",False Positive
39,BUFFER_SIZE,Destination buffer too small,High,/ats_core_common/DL_ATN_App_VOB/CPDLC/SessCtrl/src/CPDLC_USR_FSM.c,10538,fnCPDLC_Usr_proc_end_ind_err_msg(CPDLC_USR_STREAM_INFO_TYPE *),Unclassified,8552cd99672ace26f7c48f5a0e083356,Unavailable,"free_text[257] is memset(0, sizeof(char)*maxFreeText) at line 10425 before all strncpy calls in fnCPDLC_Usr_proc_end_ind_err_msg(), remaining bytes stay null and the buffer is forwarded to the encoder with explicit length (sizeof(char)*maxFreeText)-1.",False Positive
40,BUFFER_SIZE,Destination buffer too small,High,/ats_core_common/DL_ATN_App_VOB/CPDLC/SessCtrl/src/CPDLC_USR_FSM.c,10547,fnCPDLC_Usr_proc_end_ind_err_msg(CPDLC_USR_STREAM_INFO_TYPE *),Unclassified,8552cd99672ace26f7c48f5a0e083356,Unavailable,"free_text[257] is memset(0, sizeof(char)*maxFreeText) at line 10425 before all strncpy calls in fnCPDLC_Usr_proc_end_ind_err_msg(), remaining bytes stay null and free_text buffer size(257) is greater than sting length(45) that is being copied.",False Positive
41,BUFFER_SIZE,Buffer not null terminated,High,/ats_core_common/DL_ATS_Common_VOB/AdscCmnConnManager/ADSC_Cmn_Conn_Mgr.c,556,adsc_ccm_get_connected_atsu_list(ConnectedATSU *),Unclassified,b7f989d27fbc796f9a29f7f2b72beef7,Unavailable,"center_add_name is written with MAX_CENTER_NAME_SIZE count at line 556 in adsc_ccm_get_connected_atsu_list(), the field is an output-only write to the caller-allocated adsc_connected_atsu_list[ui_atsu_index] array and is not read back within this function. And exact bytes are copied using ""strncpy()""",False Positive
42,BUFFER_SIZE,Buffer not null terminated,High,/ats_core_common/DL_ATS_Common_VOB/AdscCmnConnManager/ADSC_Cmn_Conn_Mgr.c,571,adsc_ccm_get_connected_atsu_list(ConnectedATSU *),Unclassified,b7f989d27fbc796f9a29f7f2b72beef7,Unavailable,"center_add_name is written with MAX_CENTER_NAME_SIZE count at line 571 in adsc_ccm_get_connected_atsu_list(), the field is only written as output to the caller's array and is never read back within this function scope. And exact bytes are copied using ""strncpy()""",False Positive
43,BUFFER_SIZE,Destination buffer too small,High,/ats_core_common/DL_ATN_App_VOB/CPDLC/SessCtrl/src/CPDLC_USR_FSM.c,10556,fnCPDLC_Usr_proc_end_ind_err_msg(CPDLC_USR_STREAM_INFO_TYPE *),Unclassified,8552cd99672ace26f7c48f5a0e083356,Unavailable,"free_text[257] is memset(0, sizeof(char)*maxFreeText) at line 10425 before all strncpy calls in fnCPDLC_Usr_proc_end_ind_err_msg(), remaining bytes stay null.",False Positive
44,BUFFER_SIZE,Destination buffer too small,High,/ats_core_common/DL_FANS_App_VOB/FANS_ATC/AFN/src/AFN_C_Downlink.cpp,764,afn_construct_afn_msg_header(unsigned int *),Unclassified,92698ff3d0f99cfb6a3950fd89c1705e,Unavailable,"g_st_afn_dlqm_buffer is memset(0) before afn_construct_afn_msg_header() is called, strncpy at line 764 copies AFN_FIELD_SEPARATOR_2 using strlen(AFN_FIELD_SEPARATOR_2) as count and *ui_index is incremented by the same length at line 767.",False Positive
45,BUFFER_SIZE,Buffer not null terminated,High,/ats_core_common/DL_FANS_App_VOB/FANS_ATC/AFN/src/AFN_C_Downlink.cpp,876,afn_construct_contact_msg(),Unclassified,e1aa6479b69be24bb428399842803d9d,Unavailable,"g_st_afn_dlqm_buffer is memset(0, sizeof(g_st_afn_dlqm_buffer)) at line 865 in afn_construct_contact_msg(), strncpy at line 876 copies POSITION_MTI using MTI_LEN (3 bytes) as count and ui_index is incremented by MTI_LEN at line 879.",False Positive
46,BUFFER_SIZE,Buffer not null terminated,High,/ats_core_common/DL_FANS_App_VOB/FANS_ATC/ATC_UL_Msg_Processor/src/ATC_C_UMP_Process_Data.cpp,1521,"ump_process_end_service(unsigned char, unsigned int, acf_uplink_data_type *)",Unclassified,59e1be54e9059e3e751abfc07f350549,Unavailable,"st_ul_sys_msg is a local struct in ump_process_end_service(), strncpy at line 1521 uses MAX_ATC_CENTER_NAME_CHARS as count and the struct is passed to atcl_process_uplink_element() which handles center_name as fixed-size field.",False Positive
47,BUFFER_SIZE,Buffer not null terminated,High,/ats_core_common/DL_FANS_App_VOB/FANS_ATC/ATC_UL_Msg_Processor/src/ATC_C_UMP_Process_Connect.cpp,830,"ump_proc_concat_Connect_Req(acf_uplink_data_type *, decoded_ul_record_type *)",Unclassified,bc06d974b4f99aa51d40e9af27600b29,Unavailable,"st_ul_sys_msg is a local struct in ump_proc_concat_Connect_Req(), strncpy at line 830 uses MAX_CENTER_LENGTH+1 as count and the struct is passed to atcl_process_uplink_element() which copies uc_center_address by struct assignment.",False Positive
48,BUFFER_SIZE,Destination buffer too small,High,/ats_core_common/DL_ATN_App_VOB/CPDLC/SessCtrl/src/CPDLC_USR_FSM.c,10568,fnCPDLC_Usr_proc_end_ind_err_msg(CPDLC_USR_STREAM_INFO_TYPE *),Unclassified,8552cd99672ace26f7c48f5a0e083356,Unavailable,"free_text[257] is memset(0, sizeof(char)*maxFreeText) at line 10425 before all strncpy calls in fnCPDLC_Usr_proc_end_ind_err_msg(), pre-zeroed remaining bytes guarantee null termination ",False Positive
49,BUFFER_SIZE,Destination buffer too small,High,/ats_core_common/DL_ATN_App_VOB/CPDLC/SessCtrl/src/CPDLC_USR_FSM.c,10576,fnCPDLC_Usr_proc_end_ind_err_msg(CPDLC_USR_STREAM_INFO_TYPE *),Unclassified,8552cd99672ace26f7c48f5a0e083356,Unavailable,"free_text[257] is memset(0, sizeof(char)*maxFreeText) at line 10425 before all strncpy calls in fnCPDLC_Usr_proc_end_ind_err_msg(), remaining bytes stay null(i.e. gives proper NULL termination)",False Positive
50,BUFFER_SIZE,Buffer not null terminated,High,/ats_core_common/DL_FANS_App_VOB/FANS_ATC/ATC_UL_Msg_Processor/src/ATC_C_UMP_Process_Data.cpp,1540,"ump_process_end_service(unsigned char, unsigned int, acf_uplink_data_type *)",Unclassified,59e1be54e9059e3e751abfc07f350549,Unavailable,"st_ul_sys_msg local struct in ump_process_end_service(), strncpy at line 1540 uses MAX_ATC_CENTER_NAME_CHARS as count and the struct is passed to atcl_process_uplink_element() by fixed-size struct copy.",False Positive
51,BUFFER_SIZE,Destination buffer too small,High,/ats_core_common/DL_ATN_App_VOB/CPDLC/SessCtrl/src/CPDLC_USR_FSM.c,10585,fnCPDLC_Usr_proc_end_ind_err_msg(CPDLC_USR_STREAM_INFO_TYPE *),Unclassified,8552cd99672ace26f7c48f5a0e083356,Unavailable,"free_text[257] is memset(0, sizeof(char)*maxFreeText) at line 10425 before all strncpy calls in fnCPDLC_Usr_proc_end_ind_err_msg(), the encoder receives explicit length (sizeof(char)*maxFreeText)-1 and does not rely/depend on null termination.",False Positive
52,BUFFER_SIZE,Destination buffer too small,High,/ats_core_common/DL_ATN_App_VOB/CPDLC/SessCtrl/src/CPDLC_USR_FSM.c,10593,fnCPDLC_Usr_proc_end_ind_err_msg(CPDLC_USR_STREAM_INFO_TYPE *),Unclassified,8552cd99672ace26f7c48f5a0e083356,Unavailable,"free_text[257] is memset(0, sizeof(char)*maxFreeText) at line 10425 before all strncpy calls in fnCPDLC_Usr_proc_end_ind_err_msg(), remaining bytes stay null and the buffer is passed to the encoder with an explicit byte count.",False Positive
53,BUFFER_SIZE,Destination buffer too small,High,/ats_core_common/DL_ATN_App_VOB/CPDLC/SessCtrl/src/CPDLC_USR_FSM.c,10601,fnCPDLC_Usr_proc_end_ind_err_msg(CPDLC_USR_STREAM_INFO_TYPE *),Unclassified,8552cd99672ace26f7c48f5a0e083356,Unavailable,"free_text[257] is memset(0, sizeof(char)*maxFreeText) at line 10425 before all strncpy calls in fnCPDLC_Usr_proc_end_ind_err_msg(), pre-zeroed remaining bytes provide null termination and the buffer overrun will not occur as free_text buffer size(257) is greater than sting length that is being copied.",False Positive
54,BUFFER_SIZE,Destination buffer too small,High,/ats_core_common/DL_ATN_App_VOB/CPDLC/SessCtrl/src/CPDLC_USR_FSM.c,10612,fnCPDLC_Usr_proc_end_ind_err_msg(CPDLC_USR_STREAM_INFO_TYPE *),Unclassified,8552cd99672ace26f7c48f5a0e083356,Unavailable,"free_text[257] is memset(0, sizeof(char)*maxFreeText) at line 10425 before all strncpy calls in fnCPDLC_Usr_proc_end_ind_err_msg(), pre-zeroed remaining bytes provide null termination and the buffer overrun will not occur as free_text buffer size(257) is greater than sting length that is being copied.",False Positive
55,BUFFER_SIZE,Buffer not null terminated,High,/ats_core_common/DL_ATN_App_VOB/CPDLC/SessCtrl/src/CPDLC_USR_FSM.c,10451,fnCPDLC_Usr_proc_end_ind_err_msg(CPDLC_USR_STREAM_INFO_TYPE *),Unclassified,8552cd99672ace26f7c48f5a0e083356,Unavailable,"free_text[257] is memset(0, sizeof(char)*maxFreeText) at line 10425 before all strncpy calls in fnCPDLC_Usr_proc_end_ind_err_msg(), the pre-zeroed bytes after strncpy keep the buffer null-terminated",False Positive
56,BUFFER_SIZE,Buffer not null terminated,High,/ats_core_common/DL_ATN_App_VOB/CPDLC/SessCtrl/src/CPDLC_USR_FSM.c,10460,fnCPDLC_Usr_proc_end_ind_err_msg(CPDLC_USR_STREAM_INFO_TYPE *),Unclassified,8552cd99672ace26f7c48f5a0e083356,Unavailable,"free_text[257] is memset(0, sizeof(char)*maxFreeText) at line 10425 before all strncpy calls in fnCPDLC_Usr_proc_end_ind_err_msg(), remaining bytes stay null so the buffer is always null-terminated",False Positive
57,BUFFER_SIZE,Buffer not null terminated,High,/ats_core_common/DL_ATN_App_VOB/CPDLC/SessCtrl/src/CPDLC_USR_FSM.c,10478,fnCPDLC_Usr_proc_end_ind_err_msg(CPDLC_USR_STREAM_INFO_TYPE *),Unclassified,8552cd99672ace26f7c48f5a0e083356,Unavailable,"free_text[257] is memset(0, sizeof(char)*maxFreeText) at line 10425 before all strncpy calls in fnCPDLC_Usr_proc_end_ind_err_msg(), remaining bytes stay null so the buffer is always null-terminated",False Positive
58,BUFFER_SIZE,Buffer not null terminated,High,/ats_core_common/DL_ATN_App_VOB/CPDLC/SessCtrl/src/CPDLC_USR_FSM.c,10508,fnCPDLC_Usr_proc_end_ind_err_msg(CPDLC_USR_STREAM_INFO_TYPE *),Unclassified,8552cd99672ace26f7c48f5a0e083356,Unavailable,"free_text[257] is memset(0, sizeof(char)*maxFreeText) at line 10425 before all strncpy calls in fnCPDLC_Usr_proc_end_ind_err_msg(), remaining bytes stay null so the buffer is always null-terminated",False Positive
59,BUFFER_SIZE,Buffer not null terminated,High,/ats_core_common/DL_ATN_App_VOB/CPDLC/SessCtrl/src/CPDLC_USR_FSM.c,10525,fnCPDLC_Usr_proc_end_ind_err_msg(CPDLC_USR_STREAM_INFO_TYPE *),Unclassified,8552cd99672ace26f7c48f5a0e083356,Unavailable,"free_text[257] is memset(0, sizeof(char)*maxFreeText) at line 10425 before all strncpy calls in fnCPDLC_Usr_proc_end_ind_err_msg(), remaining bytes stay null so the buffer is always null-terminated",False Positive
60,BUFFER_SIZE,Buffer not null terminated,High,/ats_core_common/DL_ATN_App_VOB/CPDLC/SessCtrl/src/CPDLC_USR_FSM.c,10538,fnCPDLC_Usr_proc_end_ind_err_msg(CPDLC_USR_STREAM_INFO_TYPE *),Unclassified,8552cd99672ace26f7c48f5a0e083356,Unavailable,"free_text[257] is memset(0, sizeof(char)*maxFreeText) at line 10425 before all strncpy calls in fnCPDLC_Usr_proc_end_ind_err_msg(), remaining bytes stay null so the buffer is always null-terminated",False Positive
61,BUFFER_SIZE,Buffer not null terminated,High,/ats_core_common/DL_ATN_App_VOB/CPDLC/SessCtrl/src/CPDLC_USR_FSM.c,10547,fnCPDLC_Usr_proc_end_ind_err_msg(CPDLC_USR_STREAM_INFO_TYPE *),Unclassified,8552cd99672ace26f7c48f5a0e083356,Unavailable,"free_text[257] is memset(0, sizeof(char)*maxFreeText) at line 10425 before all strncpy calls in fnCPDLC_Usr_proc_end_ind_err_msg(), remaining bytes stay null so the buffer is always null-terminated",False Positive
62,BUFFER_SIZE,Buffer not null terminated,High,/ats_core_common/DL_ATN_App_VOB/CPDLC/SessCtrl/src/CPDLC_USR_FSM.c,10568,fnCPDLC_Usr_proc_end_ind_err_msg(CPDLC_USR_STREAM_INFO_TYPE *),Unclassified,8552cd99672ace26f7c48f5a0e083356,Unavailable,"free_text[257] is memset(0, sizeof(char)*maxFreeText) at line 10425 before all strncpy calls in fnCPDLC_Usr_proc_end_ind_err_msg(), remaining bytes stay null so the buffer is always null-terminated",False Positive
63,BUFFER_SIZE,Buffer not null terminated,High,/ats_core_common/DL_ATN_App_VOB/CPDLC/SessCtrl/src/CPDLC_USR_FSM.c,10576,fnCPDLC_Usr_proc_end_ind_err_msg(CPDLC_USR_STREAM_INFO_TYPE *),Unclassified,8552cd99672ace26f7c48f5a0e083356,Unavailable,"free_text[257] is memset(0, sizeof(char)*maxFreeText) at line 10425 before all strncpy calls in fnCPDLC_Usr_proc_end_ind_err_msg(), remaining bytes stay null so the buffer is always null-terminated",False Positive
64,BUFFER_SIZE,Buffer not null terminated,High,/ats_core_common/DL_ATN_App_VOB/CPDLC/SessCtrl/src/CPDLC_USR_FSM.c,10585,fnCPDLC_Usr_proc_end_ind_err_msg(CPDLC_USR_STREAM_INFO_TYPE *),Unclassified,8552cd99672ace26f7c48f5a0e083356,Unavailable,"free_text[257] is memset(0, sizeof(char)*maxFreeText) at line 10425 before all strncpy calls in fnCPDLC_Usr_proc_end_ind_err_msg(), remaining bytes stay null so the buffer is always null-terminated",False Positive
65,BUFFER_SIZE,Buffer not null terminated,High,/ats_core_common/DL_ATN_App_VOB/CPDLC/SessCtrl/src/CPDLC_USR_FSM.c,10593,fnCPDLC_Usr_proc_end_ind_err_msg(CPDLC_USR_STREAM_INFO_TYPE *),Unclassified,8552cd99672ace26f7c48f5a0e083356,Unavailable,"free_text[257] is memset(0, sizeof(char)*maxFreeText) at line 10425 before all strncpy calls in fnCPDLC_Usr_proc_end_ind_err_msg(), remaining bytes stay null so the buffer is always null-terminated",False Positive
66,BUFFER_SIZE,Buffer not null terminated,High,/ats_core_common/DL_ATN_App_VOB/ADSC/ConnectionMngr/src/ADSC_Connection_Mgr.c,1418,fnADSC_conn_mgr_process_cntrt_req(ADSC_DECODE_ENCODE_DATA_Type *),Unclassified,5372e0b6bb05b117294f5902036907b2,Unavailable,"gs_adsc_conn_mgr_session_tbl is memset(0) in fnADSC_conn_mgr_init() at line 192, center_name written at line 1418 in fnADSC_conn_mgr_process_cntrt_req() is later compared using strncmp with MAX_CENTER_NAME_SIZE as count, not strlen.",False Positive
67,BUFFER_SIZE,Destination buffer too small,High,/ats_core_common/DL_ATN_App_VOB/CPDLC/SessCtrl/src/CPDLC_USR_FSM.c,9219,"fnCPDLC_Usr_EP_proc_msg_ind(CPDLC_USR_STREAM_INFO_TYPE *, ATN::ATCUplinkMessage *)",Unclassified,d5e80bc9aa9af0af6d290940859acb4b,Unavailable,"free_text[257] is memset(0, sizeof(char)*maxFreeText) at line 8868 before all strncpy calls in fnCPDLC_Usr_EP_proc_msg_ind(), remaining bytes stay null and the buffer is forwarded to the encoder with (sizeof(char)*maxFreeText)-1 as explicit length. at line:9456",False Positive
68,BUFFER_SIZE,Destination buffer too small,High,/ats_core_common/DL_ATN_App_VOB/CPDLC/SessCtrl/src/CPDLC_USR_FSM.c,9229,"fnCPDLC_Usr_EP_proc_msg_ind(CPDLC_USR_STREAM_INFO_TYPE *, ATN::ATCUplinkMessage *)",Unclassified,d5e80bc9aa9af0af6d290940859acb4b,Unavailable,"free_text[257] is memset(0, sizeof(char)*maxFreeText) at line 8868 before all strncpy calls in fnCPDLC_Usr_EP_proc_msg_ind(), remaining bytes stay null and the buffer is forwarded to the encoder with (sizeof(char)*maxFreeText)-1 as explicit length. at line:9456",False Positive
69,BUFFER_SIZE,Destination buffer too small,High,/ats_core_common/DL_ATN_App_VOB/CPDLC/SessCtrl/src/CPDLC_USR_FSM.c,9283,"fnCPDLC_Usr_EP_proc_msg_ind(CPDLC_USR_STREAM_INFO_TYPE *, ATN::ATCUplinkMessage *)",Unclassified,d5e80bc9aa9af0af6d290940859acb4b,Unavailable,"free_text[257] is memset(0, sizeof(char)*maxFreeText) at line 8868 before all strncpy calls in fnCPDLC_Usr_EP_proc_msg_ind(), remaining bytes stay null and the buffer is forwarded to the encoder with (sizeof(char)*maxFreeText)-1 as explicit length. at line:9456",False Positive
70,BUFFER_SIZE,Destination buffer too small,High,/ats_core_common/DL_ATN_App_VOB/CPDLC/SessCtrl/src/CPDLC_USR_FSM.c,9314,"fnCPDLC_Usr_EP_proc_msg_ind(CPDLC_USR_STREAM_INFO_TYPE *, ATN::ATCUplinkMessage *)",Unclassified,d5e80bc9aa9af0af6d290940859acb4b,Unavailable,"free_text[257] is memset(0, sizeof(char)*maxFreeText) at line 8868 before all strncpy calls in fnCPDLC_Usr_EP_proc_msg_ind(), remaining bytes stay null and the buffer is forwarded to the encoder with (sizeof(char)*maxFreeText)-1 as explicit length. at line:9456",False Positive
71,BUFFER_SIZE,Destination buffer too small,High,/ats_core_common/DL_ATN_App_VOB/CPDLC/SessCtrl/src/CPDLC_USR_FSM.c,9331,"fnCPDLC_Usr_EP_proc_msg_ind(CPDLC_USR_STREAM_INFO_TYPE *, ATN::ATCUplinkMessage *)",Unclassified,d5e80bc9aa9af0af6d290940859acb4b,Unavailable,"free_text[257] is memset(0, sizeof(char)*maxFreeText) at line 8868 before all strncpy calls in fnCPDLC_Usr_EP_proc_msg_ind(), remaining bytes stay null and the buffer is forwarded to the encoder with (sizeof(char)*maxFreeText)-1 as explicit length. at line:9456",False Positive
72,BUFFER_SIZE,Destination buffer too small,High,/ats_core_common/DL_ATN_App_VOB/CPDLC/SessCtrl/src/CPDLC_USR_FSM.c,9344,"fnCPDLC_Usr_EP_proc_msg_ind(CPDLC_USR_STREAM_INFO_TYPE *, ATN::ATCUplinkMessage *)",Unclassified,d5e80bc9aa9af0af6d290940859acb4b,Unavailable,"free_text[257] is memset(0, sizeof(char)*maxFreeText) at line 8868 before all strncpy calls in fnCPDLC_Usr_EP_proc_msg_ind(), remaining bytes stay null and the buffer is forwarded to the encoder with (sizeof(char)*maxFreeText)-1 as explicit length. at line:9456",False Positive
73,BUFFER_SIZE,Destination buffer too small,High,/ats_core_common/DL_ATN_App_VOB/CPDLC/SessCtrl/src/CPDLC_USR_FSM.c,9353,"fnCPDLC_Usr_EP_proc_msg_ind(CPDLC_USR_STREAM_INFO_TYPE *, ATN::ATCUplinkMessage *)",Unclassified,d5e80bc9aa9af0af6d290940859acb4b,Unavailable,"free_text[257] is memset(0, sizeof(char)*maxFreeText) at line 8868 before all strncpy calls in fnCPDLC_Usr_EP_proc_msg_ind(), remaining bytes stay null and the buffer is forwarded to the encoder with (sizeof(char)*maxFreeText)-1 as explicit length. at line:9456",False Positive
74,BUFFER_SIZE,Destination buffer too small,High,/ats_core_common/DL_ATN_App_VOB/CPDLC/SessCtrl/src/CPDLC_USR_FSM.c,9362,"fnCPDLC_Usr_EP_proc_msg_ind(CPDLC_USR_STREAM_INFO_TYPE *, ATN::ATCUplinkMessage *)",Unclassified,d5e80bc9aa9af0af6d290940859acb4b,Unavailable,"free_text[257] is memset(0, sizeof(char)*maxFreeText) at line 8868 before all strncpy calls in fnCPDLC_Usr_EP_proc_msg_ind(), remaining bytes stay null and the buffer is forwarded to the encoder with (sizeof(char)*maxFreeText)-1 as explicit length. at line:9456",False Positive
75,BUFFER_SIZE,Destination buffer too small,High,/ats_core_common/DL_ATN_App_VOB/CPDLC/SessCtrl/src/CPDLC_USR_FSM.c,9374,"fnCPDLC_Usr_EP_proc_msg_ind(CPDLC_USR_STREAM_INFO_TYPE *, ATN::ATCUplinkMessage *)",Unclassified,d5e80bc9aa9af0af6d290940859acb4b,Unavailable,"free_text[257] is memset(0, sizeof(char)*maxFreeText) at line 8868 before all strncpy calls in fnCPDLC_Usr_EP_proc_msg_ind(), remaining bytes stay null and the buffer is forwarded to the encoder with (sizeof(char)*maxFreeText)-1 as explicit length. at line:9456",False Positive
76,BUFFER_SIZE,Destination buffer too small,High,/ats_core_common/DL_ATN_App_VOB/CPDLC/SessCtrl/src/CPDLC_USR_FSM.c,9382,"fnCPDLC_Usr_EP_proc_msg_ind(CPDLC_USR_STREAM_INFO_TYPE *, ATN::ATCUplinkMessage *)",Unclassified,d5e80bc9aa9af0af6d290940859acb4b,Unavailable,"free_text[257] is memset(0, sizeof(char)*maxFreeText) at line 8868 before all strncpy calls in fnCPDLC_Usr_EP_proc_msg_ind(), remaining bytes stay null and the buffer is forwarded to the encoder with (sizeof(char)*maxFreeText)-1 as explicit length. at line:9456",False Positive
77,BUFFER_SIZE,Destination buffer too small,High,/ats_core_common/DL_ATN_App_VOB/CPDLC/SessCtrl/src/CPDLC_USR_FSM.c,9391,"fnCPDLC_Usr_EP_proc_msg_ind(CPDLC_USR_STREAM_INFO_TYPE *, ATN::ATCUplinkMessage *)",Unclassified,d5e80bc9aa9af0af6d290940859acb4b,Unavailable,"free_text[257] is memset(0, sizeof(char)*maxFreeText) at line 8868 before all strncpy calls in fnCPDLC_Usr_EP_proc_msg_ind(), remaining bytes stay null and the buffer is forwarded to the encoder with (sizeof(char)*maxFreeText)-1 as explicit length. at line:9456",False Positive
78,BUFFER_SIZE,Destination buffer too small,High,/ats_core_common/DL_ATN_App_VOB/CPDLC/SessCtrl/src/CPDLC_USR_FSM.c,9400,"fnCPDLC_Usr_EP_proc_msg_ind(CPDLC_USR_STREAM_INFO_TYPE *, ATN::ATCUplinkMessage *)",Unclassified,d5e80bc9aa9af0af6d290940859acb4b,Unavailable,"free_text[257] is memset(0, sizeof(char)*maxFreeText) at line 8868 before all strncpy calls in fnCPDLC_Usr_EP_proc_msg_ind(), remaining bytes stay null and the buffer is forwarded to the encoder with (sizeof(char)*maxFreeText)-1 as explicit length. at line:9456",False Positive
79,BUFFER_SIZE,Destination buffer too small,High,/ats_core_common/DL_ATN_App_VOB/CPDLC/SessCtrl/src/CPDLC_USR_FSM.c,9408,"fnCPDLC_Usr_EP_proc_msg_ind(CPDLC_USR_STREAM_INFO_TYPE *, ATN::ATCUplinkMessage *)",Unclassified,d5e80bc9aa9af0af6d290940859acb4b,Unavailable,"free_text[257] is memset(0, sizeof(char)*maxFreeText) at line 8868 before all strncpy calls in fnCPDLC_Usr_EP_proc_msg_ind(), remaining bytes stay null and the buffer is forwarded to the encoder with (sizeof(char)*maxFreeText)-1 as explicit length. at line:9456",False Positive
80,BUFFER_SIZE,Destination buffer too small,High,/ats_core_common/DL_ATN_App_VOB/CPDLC/SessCtrl/src/CPDLC_USR_FSM.c,9419,"fnCPDLC_Usr_EP_proc_msg_ind(CPDLC_USR_STREAM_INFO_TYPE *, ATN::ATCUplinkMessage *)",Unclassified,d5e80bc9aa9af0af6d290940859acb4b,Unavailable,"free_text[257] is memset(0, sizeof(char)*maxFreeText) at line 8868 before all strncpy calls in fnCPDLC_Usr_EP_proc_msg_ind(), remaining bytes stay null and the buffer is forwarded to the encoder with (sizeof(char)*maxFreeText)-1 as explicit length. at line:9456",False Positive
81,BUFFER_SIZE,Buffer not null terminated,High,/ats_core_common/DL_ATN_App_VOB/CPDLC/SessCtrl/src/CPDLC_USR_FSM.c,9219,"fnCPDLC_Usr_EP_proc_msg_ind(CPDLC_USR_STREAM_INFO_TYPE *, ATN::ATCUplinkMessage *)",Unclassified,d5e80bc9aa9af0af6d290940859acb4b,Unavailable,"free_text[257] is memset(0, sizeof(char)*maxFreeText) at line 8868 before all strncpy calls in fnCPDLC_Usr_EP_proc_msg_ind(), remaining bytes stay null and the buffer is forwarded to the encoder with (sizeof(char)*maxFreeText)-1 as explicit length. at line:9456",False Positive
82,BUFFER_SIZE,Buffer not null terminated,High,/ats_core_common/DL_ATN_App_VOB/CPDLC/SessCtrl/src/CPDLC_USR_FSM.c,9283,"fnCPDLC_Usr_EP_proc_msg_ind(CPDLC_USR_STREAM_INFO_TYPE *, ATN::ATCUplinkMessage *)",Unclassified,d5e80bc9aa9af0af6d290940859acb4b,Unavailable,"free_text[257] is memset(0, sizeof(char)*maxFreeText) at line 8868 before all strncpy calls in fnCPDLC_Usr_EP_proc_msg_ind(), remaining bytes stay null and the buffer is forwarded to the encoder with (sizeof(char)*maxFreeText)-1 as explicit length. at line:9456",False Positive
83,BUFFER_SIZE,Buffer not null terminated,High,/ats_core_common/DL_ATN_App_VOB/CPDLC/SessCtrl/src/CPDLC_USR_FSM.c,9314,"fnCPDLC_Usr_EP_proc_msg_ind(CPDLC_USR_STREAM_INFO_TYPE *, ATN::ATCUplinkMessage *)",Unclassified,d5e80bc9aa9af0af6d290940859acb4b,Unavailable,"free_text[257] is memset(0, sizeof(char)*maxFreeText) at line 8868 before all strncpy calls in fnCPDLC_Usr_EP_proc_msg_ind(), remaining bytes stay null and the buffer is forwarded to the encoder with (sizeof(char)*maxFreeText)-1 as explicit length. at line:9456",False Positive
84,BUFFER_SIZE,Buffer not null terminated,High,/ats_core_common/DL_ATN_App_VOB/CPDLC/SessCtrl/src/CPDLC_USR_FSM.c,9331,"fnCPDLC_Usr_EP_proc_msg_ind(CPDLC_USR_STREAM_INFO_TYPE *, ATN::ATCUplinkMessage *)",Unclassified,d5e80bc9aa9af0af6d290940859acb4b,Unavailable,"free_text[257] is memset(0, sizeof(char)*maxFreeText) at line 8868 before all strncpy calls in fnCPDLC_Usr_EP_proc_msg_ind(), remaining bytes stay null and the buffer is forwarded to the encoder with (sizeof(char)*maxFreeText)-1 as explicit length. at line:9456",False Positive
85,FORWARD_NULL,Explicit null dereferenced,Medium,/ats_core_common/DL_ATN_App_VOB/ADSC/QueueMgr/src/ADSC_Queue_Mgr.c,775,"fnadsc_qm_enqueue_in_session_queue(session_queue *, unsigned int)",Unclassified,c595d5ae60c9f86dbc08aff7766f0012,Unavailable,"In fnadsc_qm_enqueue_in_session_queue(), the loop at lines 764-770 assigns st_new_node_ptr to a valid address, the function is only invoked when queue space is confirmed available so st_new_node_ptr is always valid at line 775.",False Positive
86,INTEGER_OVERFLOW,Overflowed constant,Medium,/ats_core_common/DL_ATS_Common_VOB/CommonASN/src/pe_common.c,1252,pe_Length,Unclassified,7b784752acb236c65e8c6241132685e2,Unavailable,"At line 1252 in pe_Length(), enclen is assigned value (not stat) only when stat==ASN_OK, the PROTECTIVE_CODE comment at line 1249 confirms this is by design and stat cannot be non-ASN_OK at this point per the ASN.1 encoding flow/standerd.",False Positive
87,INTEGER_OVERFLOW,Overflowed constant,Medium,/ats_core_common/DL_ATN_App_VOB/ADSC/ReportMgr/src/ADSC_Monitor_Event_Cntrt_EPP_Trigger.c,1150,"fnadsc_rptmgr_ec_check_epp_flight_plan_chg_tgr(ATS_CORE_IFACE_TYPES::Epp_rec const *, ATS_CORE_IFACE_TYPES::Epp_rec const *, unsigned int, unsigned int, unsigned int)",Unclassified,71287c827ff3b25a096bb4a0ff41f91d,Unavailable,"Function fnadsc_rptmgr_find_next_flt_pln_wpt_idx() at line 1150 have a waypoint checking condition (start_idx < st_epp_ptr->waypoint_num) inside it, morever maximum supported waypoint count is 128, So overflow will not happen",False Positive
88,INTEGER_OVERFLOW,Overflowed integer argument,High,/ats_core_common/DL_ATN_App_VOB/CmAsn/src/pd_DynBitString.c,260,pd_DynBitString,Unclassified,e29e9d929d65138e2a029d72ff8433a1,Unavailable,"nocts is derived before memcpy at line 260 in pd_DynBitString(),  protective code of nocts is checked at line 247 which confirms nocts is never less than 0, So underflow will not happen",False Positive
89,INTEGER_OVERFLOW,Overflowed constant,Medium,/ats_core_common/DL_ATN_App_VOB/ADSC/ReportMgr/src/ADSC_Monitor_Event_Cntrt_EPP_Trigger.c,700,"fnadsc_rptmgr_ec_check_epp_holdentry_latrl_type_chg_tgr(ATS_CORE_IFACE_TYPES::Epp_rec const *, ATS_CORE_IFACE_TYPES::Epp_rec const *, unsigned int, unsigned int, unsigned int)",Unclassified,afb81fed888f60d32105772141ba35c4,Unavailable,"Function fnadsc_rptmgr_find_next_flt_pln_wpt_idx() at line 700 have a waypoint checking condition (start_idx < st_epp_ptr->waypoint_num) inside it, morever maximum supported waypoint count is 128, So overflow will not happen",False Positive
90,INTEGER_OVERFLOW,Overflowed integer argument,High,/ats_core_common/DL_ATN_App_VOB/ADSC/ConnectionMngr/src/ADSC_Connection_Mgr.c,1345,fnADSC_conn_mgr_process_cntrt_req(ADSC_DECODE_ENCODE_DATA_Type *),Unclassified,b4a3d6fac210b7c6103a177505df7db2,Unavailable,"si_conn_index is validated against MAX_CONNECTIONS before reaching line 1345 in fnADSC_conn_mgr_process_cntrt_req(), the call to fnadsc_qm_session_established(si_conn_index - DSI_PORT_ID_IDX_OFFSET) is in the else-branch that only executes after successful slot assignment.",False Positive
91,NEGATIVE_RETURNS,Improper use of negative value,Medium,/ats_core_common/DL_ATS_Common_VOB/SeamlessManager/Sm_Center_Translation_Table.c,458,"SM_Add_To_Center_Trans_Tbl(char const *, char const *)",Unclassified,049113ba7029a4b3877c06e50737a441,Unavailable,"SM_Add_a_Node_To_Head() at line 458 in SM_Add_To_Center_Trans_Tbl() is called only after si_newIndex is set inside the for-loop at lines 443-455 with break on finding a free slot, this else-branch only executes when ui_current_size < MAX_SIZE_CNTR_TRANS_TBL. Which ensures there is no negative value",False Positive
92,OVERRUN,Out-of-bounds read,High,/ats_core_common/DL_FANS_App_VOB/Common/src/Log_ticket_manager.cpp,1107,LogTicketManager::Store(LogTicket const &),Unclassified,7a4403127ad3ab87c8d6937abfa2920f,Unavailable,"LogTicketManager::Store() is executed only when space is available. FindFreeEntry() returns a valid index within 0 to MAX_TICKETS-1, so min_tickets[index] at line 1107 is within array bounds.",False Positive
93,OVERRUN,Out-of-bounds read,High,/ats_core_common/DL_ATN_App_VOB/ADSC/ReportMgr/src/ADSC_Event_Cntrt_Rpt.c,4024,fnadsc_rptmgr_process_ec_rpt(),Unclassified,9a6ce0440d62da54867b40f53d3453d1,Unavailable,"Condition at line 4025 uses <= MAX_NUM_ADS_CONNECTIONS, allowing index value equal to MAX_NUM_ADS_CONNECTIONS. gs_ec_rpt_tbl is declared with size MAX_NUM_ADS_CONNECTIONS, so valid indices are 0 to MAX-1, the <= permits an off-by-one out-of-bounds access.
Proposed Fix: if (ui_conn_index < MAX_NUM_ADS_CONNECTIONS) — change <= to < at line 4025.",True Positive
94,OVERRUN,Out-of-bounds read,High,/ats_core_common/DL_ATN_App_VOB/ADSC/ContractMgr/src/ADSC_Contract_NonReportMsg_Generation.c,1225,"fnadsc_cntrtmgr_set_start_ind(unsigned int, DSIIcaoAddrParams const *)",Unclassified,aa7cfebebd6d65857ae42c230b8cca81,Unavailable,"memset at line 1225 accesses gs_st_start_ind_center_icao[ui_conn_index] inside the else block. The if-condition at line 1219 checks ui_conn_index < MAX, but the else branch at line 1223 executes when that check fails, writing to an out-of-bounds index.
Proposed  Fix: The else block executes only when ui_conn_index >= MAX_NUM_ADS_CONNECTIONS, making the memset unconditionally out-of-bounds.
Removed else block — no write to gs_st_start_ind_center_icao should occur when the bounds check fails.",True Positive
95,OVERRUN,Out-of-bounds write,High,/ats_core_common/DL_ATN_App_VOB/ADSC/ContractMgr/src/ADSC_Contract_NonReportMsg_Generation.c,1260,"fnadsc_cntrtmgr_process_start_ind_ID(unsigned int, unsigned char)",Unclassified,c4d565991ef624b344b6a8c03650037a,Unavailable,"The else block at line 1258 executes when ui_conn_index >= MAX_NUM_ADS_CONNECTIONS (bounds check fails at line 1254), guaranteeing an out-of-bounds write to gs_byDsiStartInd[ui_conn_index] at line 1260.
Proposed Fix: Remove the else block entirely so that gs_byDsiStartInd is only written when ui_conn_index is within valid range",True Positive
96,OVERRUN,Out-of-bounds access,High,/ats_core_common/DL_Super_ASN_VOB/SuperASN/src/Asn1_ss_convert_fans_downlink_to_super.cpp,1633,"fnSS_convert_fans_to_super_Procedurename(FANS::Procedurename const *, ATN::ProcedureName *)",Unclassified,8268fb700854e07d55f035706f201eb7,Unavailable,"FANS::Procedurename::procedure and ATN::ProcedureName::procedure are ASN.1-generated fixed-length fields with matching sizes. maxProcedure corresponds to the ASN.1-defined ProcedureName length, therefore the memcpy() at line 1633 remains within the bounds of the source and destination buffers.",False Positive
97,OVERRUN,Out-of-bounds access,High,/ats_core_common/DL_ATN_App_VOB/CPDLC/Common/src/CPDLC.c,940,ATN_Abort_NDA(char const *),Unclassified,f37aac4821be81947ed71b7b2ad0a2c7,Unavailable,"SM_cda_info[uiMAX_ICAO_PEER_ID+1] is zero-initialized at declaration at line 924 in ATN_Abort_NDA(), SM_get_cda() fills it within its declared bounds and strlen(SM_cda_info) at line 942 validates the content before any further use.",False Positive
98,OVERRUN,Out-of-bounds access,High,/ats_core_common/DL_ATN_App_VOB/DSIUser/src/DSIUsrPrmtvProc.cpp,612,"DSIUsrPrmtvProc::fnParseDDataInd(unsigned char *, unsigned char *, DSIUserDataParams *, DSIPrimitive *)",Unclassified,fd67049e59ad2660f3d836f84b98eb8c,Unavailable,"upUserDataParams buffer is memset(0, sizeof(DSIUserDataParams)) at line 606 in fnParseDDataInd() before the call at line 612, dwVarOffset is initialized to 0 at line 600 and the array access is within the bounds of the DSIPrimitive structure own data field.",False Positive
99,OVERRUN,Out-of-bounds access,High,/ats_core_common/DL_ATN_App_VOB/DSIUser/src/DSIUsrPrmtvProc.cpp,645,"DSIUsrPrmtvProc::fnParseDEndInd(unsigned char *, unsigned char *, DSIUserDataParams *, DSIPrimitive *)",Unclassified,a8b86692d1b72020249ea635572711b4,Unavailable,"upUserDataParams buffer is memset(0, sizeof(DSIUserDataParams)) at line 639 in fnParseDEndInd() before the call at line 645, dwVarOffset is initialized to 0 at line 633 and the access is within the bounds of the DSIPrimitive structure own data field.",False Positive
100,OVERRUN,Out-of-bounds read,High,/ats_core_common/DL_ATN_App_VOB/ADSC/ReportMgr/src/ADSC_Event_Cntrt_Rpt.c,4032,fnadsc_rptmgr_process_ec_rpt(),Unclassified,9a6ce0440d62da54867b40f53d3453d1,Unavailable,"gs_ec_rpt_tbl[ui_conn_index] is read at line 4032. ui_conn_index is cast from si_conn_prity[ui_prty_idx] at line 4029 after the <= MAX check, allowing ui_conn_index = MAX_NUM_ADS_CONNECTIONS. Array is 0 to MAX-1, off-by-one off-by-one read.
Proposed Fix: Same single-char fix at line 4025: < instead of <= eliminates this access.",True Positive
101,OVERRUN,Out-of-bounds write,High,/ats_core_common/DL_ATN_App_VOB/ADSC/ReportMgr/src/ADSC_Event_Cntrt_Rpt.c,4035,fnadsc_rptmgr_process_ec_rpt(),Unclassified,9a6ce0440d62da54867b40f53d3453d1,Unavailable,"gs_ec_rpt_tbl[ui_conn_index].b_prev_emrgy_urgy_sts is written at line 4035 with ui_conn_index that passed the <= MAX check. Off-by-one from <= allows write past the end of gs_ec_rpt_tbl array.
Proposed Fix: Same single-char fix at line 4025: < instead of <= eliminates this access.",True Positive
102,OVERRUN,Out-of-bounds access,High,/ats_core_common/DL_ATN_App_VOB/ADSC/ReportMgr/src/ADSC_Event_Cntrt_Rpt.c,1049,"fnadsc_rptmgr_send_ec_report(unsigned int, unsigned int, unsigned int const *)",Unclassified,500a1939344da53a380baf011feb6b0f,Unavailable,"fnadsc_rptmgr_create_fmf_nonpred_dgrps_rpt at line 1049 is called with ui_conn_index without a bounds check at this call site. ui_conn_index validity depends on caller no local guard before this array-index-dependent function call.
Proposed Fix: Add if (ui_conn_index < MAX_NUM_ADS_CONNECTIONS) wrapping the call at line 1049.",True Positive
103,OVERRUN,Out-of-bounds access,High,/ats_core_common/DL_FANS_App_VOB/ADS/ADS_Management/src/Ads_External_Iface.cpp,706,Ads_external_iface::send_dnlnk_msg(Ads_common_types::Downlink_Buffer_Rec *),Unclassified,030f50d7ec87e3f63838aab4c94332ba,Unavailable,"The downlink buffer used in Ads_external_iface::send_dnlnk_msg() is defined by Downlink_Buffer_Rec, which includes its own length information. The copy at line 706 uses this defined buffer length, preventing access beyond the allocated buffer.",False Positive
104,OVERRUN,Out-of-bounds access,High,/ats_core_common/DL_ATN_App_VOB/ADSC/ReportMgr/src/ADSC_Validate_fmf_pred_Rpt_Data.c,1223,fnadsc_rptmgr_val_single_lvl_cons(ATS_CORE_IFACE_TYPES::adsc_LevelConstraint_single_level *),Unclassified,47a5000afc7f928c5c308de55fc71b4a,Unavailable,"memset at line 1223 writes to st_single_lvl_cons_ptr->levelConstraintsinglelevel[ui_count]. ui_count is incremented in the outer loop but its maximum value is not verified against the array size of levelConstraintsinglelevel.
Proposed Fix: Add if (ui_count < ARRAY_SIZE(levelConstraintsinglelevel)) before the memset at line 1223
",True Positive
105,OVERRUN,Out-of-bounds access,High,/ats_core_common/DL_ATN_App_VOB/ADSC/ReportMgr/src/ADSC_Event_Cntrt_Rpt.c,1057,"fnadsc_rptmgr_send_ec_report(unsigned int, unsigned int, unsigned int const *)",Unclassified,500a1939344da53a380baf011feb6b0f,Unavailable,"fnadsc_rptmgr_create_fmf_pred_dgrps_rpt at line 1057 receives ui_conn_index without local bounds check. If ui_conn_index has the off-by-one value from upstream <= check, the function accesses gs_ec_rpt_tbl out-of-bounds.
Proposed Fix: Add if (ui_conn_index < MAX_NUM_ADS_CONNECTIONS) wrapping the call at line 1057",True Positive
106,OVERRUN,Out-of-bounds read,High,/ats_core_common/DL_FANS_App_VOB/FANS_ATC/AFN/src/AFN_C_Downlink.cpp,1161,afn_construct_complete_msg(),Unclassified,71ab0ebb626b10fae31d5c435266ac73,Unavailable,"g_st_afn_dlqm_buffer is initialized before afn_construct_complete_msg() is called. ui_index is updated using fixed and bounded field lengths, so the access at line 1161 remains within the buffer limits",False Positive
107,OVERRUN,Out-of-bounds write,High,/ats_core_common/DL_FANS_App_VOB/FANS_ATC/AFN/src/AFN_C_Downlink.cpp,1308,afn_construct_response_msg(),Unclassified,153b56a27ef7b563b40a46c102b20608,Unavailable,"g_st_afn_dlqm_buffer is initialized before afn_construct_response_msg() is called. ui_index is updated using fixed and bounded field lengths, so the access at line 1308 remains within the buffer limits.",False Positive
108,OVERRUN,Out-of-bounds write,High,/ats_core_common/DL_FANS_App_VOB/FANS_ATC/AFN/src/AFN_C_Downlink.cpp,1164,afn_construct_complete_msg(),Unclassified,71ab0ebb626b10fae31d5c435266ac73,Unavailable,"g_st_afn_dlqm_buffer is initialized before afn_construct_complete_msg() is called. ui_index is tracked using bounded field lengths, so the write at line 1164 remains within the buffer limits.",False Positive
109,OVERRUN,Out-of-bounds read,High,/ats_core_common/DL_ATN_App_VOB/ADSC/ReportMgr/src/ADSC_Event_Cntrt_Rpt.c,1063,"fnadsc_rptmgr_send_ec_report(unsigned int, unsigned int, unsigned int const *)",Unclassified,25a8814c4672b743e51e6697cecb9b87,Unavailable,"fnadsc_rptmgr_gen_basic_data at line 1063 receives ui_conn_index as parameter. If ui_conn_index carries the off-by-one value allowed by the upstream <= MAX check, the function reads gs_ec_rpt_tbl out-of-bounds.
Proposed Fix: Add if (ui_conn_index < MAX_NUM_ADS_CONNECTIONS) wrapping the call at line 1063.",True Positive
110,OVERRUN,Out-of-bounds access,High,/ats_core_common/DL_ATN_App_VOB/DSIUser/src/DSIUsrPrmtvProc.cpp,706,"DSIUsrPrmtvProc::fnParseDEndCnf(unsigned char *, unsigned char *, unsigned char *, DSIUserDataParams *, DSIPrimitive *)",Unclassified,67af4265c431d6a87281218cdbafd2c3,Unavailable,"The output buffer in fnParseDEndCnf() is zeroed before the call at line 706, dwVarOffset is initialized to 0 and the access is within the DSIPrimitive structure own data field bounds, same pattern as fnParseDDataInd().",False Positive
111,OVERRUN,Out-of-bounds access,High,/ats_core_common/DL_FANS_App_VOB/ADS/ADS_Uplink_Processing/src/Ads_Uplnk_Proc_Connection_Processing.cpp,122,Ads_ulp::connection_processing(),Unclassified,28dad02de20dfc0f44d98d4505fe2e78,Unavailable,"connection index used in Ads_ulp::connection_processing() comes from a validated connection table entry. The loop processes only active connections, so the index always remains within the g_st_atc_conn_tbl[MAX_ATC_CONN] array bounds.",False Positive
112,OVERRUN,Out-of-bounds access,High,/ats_core_common/DL_ATN_App_VOB/DSIUser/src/DSIUsrPrmtvProc.cpp,771,"DSIUsrPrmtvProc::fnParseDAbortInd(unsigned char *, unsigned char *, unsigned char *, unsigned char *, DSIUserDataParams *, DSIPrimitive *)",Unclassified,e9feaef26620c591451383c449af5407,Unavailable,"The output buffer in fnParseDAbortInd() is zeroed before the call at line 771, dwVarOffset is initialized to 0 and the access is within the bounds of the DSIPrimitive structure own data field.",False Positive
113,OVERRUN,Out-of-bounds access,High,/ats_core_common/DL_FANS_App_VOB/FANS_ATC/AFN/src/AFN_C_Downlink.cpp,1318,afn_construct_response_msg(),Unclassified,cc4f7d06e89d1c271760acace21ba8f9,Unavailable,"g_st_afn_dlqm_buffer is initialized before afn_construct_response_msg() is called. ui_index is updated using bounded field lengths, so the message length remains within the buffer limits before line 1318.",False Positive
114,OVERRUN,Out-of-bounds access,High,/ats_core_common/DL_ATN_App_VOB/ADSC/EncoderDecoder/src/ADSC_Encoder.c,1286,"fnadsc_dmp_encoder_reject_msg(ADSReject *, unsigned char, unsigned char, unsigned char, DSIIcaoAddrParams *, Request_Type_enum)",Unclassified,922d3eb05b7d86c012a7688d0744e211,Unavailable,"memcpy at line 1286 copies data_len bytes into ADSC_rjct_pdu.ic_reject.aDSMessage.data. A fault is reported at line 1282 if data_len > maxADSCMessageSizeInBytes, but the code proceeds to memcpy anyway after reporting the fault.
Proposed Fix: Invert the condition — move memcpy inside an if (data_len <= maxADSCMessageSizeInBytes) block and the fault report into the else, so the copy only executes when the size is safe",True Positive
115,OVERRUN,Out-of-bounds access,High,/ats_core_common/DL_ATN_App_VOB/ADSC/EncoderDecoder/src/ADSC_Encoder.c,1286,"fnadsc_dmp_encoder_reject_msg(ADSReject *, unsigned char, unsigned char, unsigned char, DSIIcaoAddrParams *, Request_Type_enum)",Unclassified,ddd0a485bbc9309be24b5062da7b0581,Unavailable,"Same memcpy as ID 114. ADSC_encoded_downlink_msg.numbits is assigned to aDSMessage.numbits at line 1287 without verifying it fits the data field. Both data and numbits may exceed the destination structure's capacity.
Proposed Fix: Invert the condition — move memcpy inside an if (data_len <= maxADSCMessageSizeInBytes) block and the fault report into the else, so the copy only executes when the size is safe",True Positive
116,OVERRUN,Out-of-bounds write,High,/ats_core_common/DL_FANS_App_VOB/FANS_ATC/AFN/src/AFN_C_Downlink.cpp,757,afn_construct_afn_msg_header(unsigned int *),Unclassified,aa588a52798601bf8dae9458ce7b646d,Unavailable,"g_st_afn_dlqm_buffer is initialized before afn_construct_afn_msg_header() is called. *ui_index is updated using fixed and bounded field lengths, so the write at line 757 remains within the buffer limits",False Positive
117,OVERRUN,Out-of-bounds read,High,/ats_core_common/DL_FANS_App_VOB/FANS_ATC/AFN/src/AFN_C_Downlink.cpp,1015,afn_construct_contact_msg(),Unclassified,f6860cd53f6afa199666ea9117f88246,Unavailable,"g_st_afn_dlqm_buffer is initialized before afn_construct_contact_msg() is called. ui_index is updated using bounded field lengths, so the access at line 1015 remains within the buffer limits.",False Positive
118,OVERRUN,Out-of-bounds access,High,/ats_core_common/DL_FANS_App_VOB/ACF/src/ACF_C_ACARS_Convergence_Func.cpp,1349,"acf_boa_downlink_msg_processing(dlqm_to_acf_buffer_type const *, acf_downlink_data_type *)",Unclassified,08832bd605dc9ca84b6a844ce6847b8a,Unavailable,"acf_boa_downlink_msg_processing() copies data at line 1349 into a fixed-size output buffer using the ACARS message size constant as count, both source dlqm_to_acf_buffer_type and destination have matching fixed-size declarations.so the copy remains within buffer bounds.",False Positive
119,OVERRUN,Out-of-bounds write,High,/ats_core_common/DL_FANS_App_VOB/FANS_ATC/AFN/src/AFN_C_Downlink.cpp,1019,afn_construct_contact_msg(),Unclassified,f6860cd53f6afa199666ea9117f88246,Unavailable,"g_st_afn_dlqm_buffer is initialized before afn_construct_contact_msg() is called. ui_index is updated using bounded field lengths, so the write at line 1019 remains within the buffer limits.",False Positive
120,OVERRUN,Out-of-bounds read,High,/ats_core_common/DL_FANS_App_VOB/FANS_ATC/AFN/src/AFN_C_Downlink.cpp,775,afn_construct_afn_msg_header(unsigned int *),Unclassified,aa588a52798601bf8dae9458ce7b646d,Unavailable,"g_st_afn_dlqm_buffer is initialized before afn_construct_afn_msg_header() is called. *ui_index is updated using bounded field lengths, so the write at line 775 remains within the buffer limits.",False Positive
121,OVERRUN,Out-of-bounds read,High,/ats_core_common/DL_FANS_App_VOB/FANS_ATC/AFN/src/AFN_C_Downlink.cpp,1026,afn_construct_contact_msg(),Unclassified,f6860cd53f6afa199666ea9117f88246,Unavailable,"g_st_afn_dlqm_buffer is initialized before afn_construct_contact_msg() is called. ui_index is updated using bounded field lengths, so the access at line 1026 remains within the buffer limits.",False Positive
122,OVERRUN,Out-of-bounds read,High,/ats_core_common/DL_ATN_App_VOB/ADSC/ReportMgr/src/ADSC_Event_Cntrt_Rpt.c,4046,fnadsc_rptmgr_process_ec_rpt(),Unclassified,9a6ce0440d62da54867b40f53d3453d1,Unavailable,"gs_ec_rpt_tbl[ui_conn_index] read at line 4046 uses ui_conn_index from the <= MAX check at line 4025. ui_conn_index = MAX_NUM_ADS_CONNECTIONS is allowed by <=, which is one past the last valid array index.
Proposed Fix: Same single-char fix at line 4025: < instead of <= eliminates this access.",True Positive
123,OVERRUN,Out-of-bounds read,High,/ats_core_common/DL_ATN_App_VOB/ADSC/ReportMgr/src/ADSC_Event_Cntrt_Rpt.c,4057,fnadsc_rptmgr_process_ec_rpt(),Unclassified,9a6ce0440d62da54867b40f53d3453d1,Unavailable,"gs_ec_rpt_tbl[ui_conn_index] read at line 4057. Same off-by-one from <= MAX_NUM_ADS_CONNECTIONS at line 4025, ui_conn_index can equal MAX, causing out-of-bounds array read.
Proposed Fix: Same single-char fix at line 4025: < instead of <= eliminates this access.",True Positive
124,OVERRUN,Out-of-bounds read,High,/ats_core_common/DL_ATN_App_VOB/ADSC/ReportMgr/src/ADSC_Event_Cntrt_Rpt.c,4065,fnadsc_rptmgr_process_ec_rpt(),Unclassified,9a6ce0440d62da54867b40f53d3453d1,Unavailable,"gs_ec_rpt_tbl[ui_conn_index] read at line 4065 with ui_conn_index potentially equal to MAX_NUM_ADS_CONNECTIONS from the off-by-one <= check at 4025. Array index one past valid range.
Proposed Fix: Same single-char fix at line 4025: < instead of <= eliminates this access.",True Positive
125,OVERRUN,Out-of-bounds read,High,/ats_core_common/DL_ATN_App_VOB/ADSC/ReportMgr/src/ADSC_Event_Cntrt_Rpt.c,4073,fnadsc_rptmgr_process_ec_rpt(),Unclassified,9a6ce0440d62da54867b40f53d3453d1,Unavailable,"gs_ec_rpt_tbl[ui_conn_index] read at line 4073. ui_conn_index from the <= MAX check at 4025 can be MAX_NUM_ADS_CONNECTIONS, which is one beyond the last valid index of the array.
Proposed Fix: Same single-char fix at line 4025: < instead of <= eliminates this access.",True Positive
126,OVERRUN,Out-of-bounds read,High,/ats_core_common/DL_ATN_App_VOB/ADSC/ReportMgr/src/ADSC_Event_Cntrt_Rpt.c,4088,fnadsc_rptmgr_process_ec_rpt(),Unclassified,9a6ce0440d62da54867b40f53d3453d1,Unavailable,"gs_ec_rpt_tbl[ui_conn_index] read at line 4088 with same off-by-one index from <= MAX check at 4025. ui_conn_index = MAX_NUM_ADS_CONNECTIONS accesses element past the end of the array.
Proposed Fix: Same single-char fix at line 4025: < instead of <= eliminates this access.",True Positive
127,OVERRUN,Out-of-bounds access,High,/ats_core_common/DL_ATN_App_VOB/ADSC/ReportMgr/src/ADSC_Event_Cntrt_Rpt.c,4088,fnadsc_rptmgr_process_ec_rpt(),Unclassified,b8801336fcd59ae3ca577441ef078a3e,Unavailable,"Same gs_ec_rpt_tbl[ui_conn_index] access as ID 126 at line 4088. The <= check at 4025 is the root cause, changing to < MAX_NUM_ADS_CONNECTIONS would fix all off-by-one accesses at lines 4024–4157.
Proposed Fix: Same single-char fix at line 4025: < instead of <= eliminates this access.",True Positive
128,OVERRUN,Out-of-bounds read,High,/ats_core_common/DL_ATN_App_VOB/ADSC/ReportMgr/src/ADSC_Event_Cntrt_Rpt.c,4121,fnadsc_rptmgr_process_ec_rpt(),Unclassified,9a6ce0440d62da54867b40f53d3453d1,Unavailable,"gs_ec_rpt_tbl[ui_conn_index].b_invalid_airspeed_chg_data read at line 4121. ui_conn_index can be MAX_NUM_ADS_CONNECTIONS from the off-by-one <= check at 4025, accesses memory past the end of gs_ec_rpt_tbl.
Proposed Fix: Same single-char fix at line 4025: < instead of <= eliminates this access.",True Positive
129,OVERRUN,Out-of-bounds write,High,/ats_core_common/DL_ATN_App_VOB/ADSC/ReportMgr/src/ADSC_Event_Cntrt_Rpt.c,4123,fnadsc_rptmgr_process_ec_rpt(),Unclassified,9a6ce0440d62da54867b40f53d3453d1,Unavailable,"gs_ec_rpt_tbl[ui_conn_index].ui_supp_ec_bitmask written at line 4123. ui_conn_index from the <= MAX check can be MAX_NUM_ADS_CONNECTIONS, write operation goes one element past the end of the array.
Proposed Fix: Same single-char fix at line 4025: < instead of <= eliminates this access.",True Positive
130,OVERRUN,Out-of-bounds read,High,/ats_core_common/DL_ATN_App_VOB/ADSC/ReportMgr/src/ADSC_Event_Cntrt_Rpt.c,4129,fnadsc_rptmgr_process_ec_rpt(),Unclassified,9a6ce0440d62da54867b40f53d3453d1,Unavailable,"gs_ec_rpt_tbl[ui_conn_index] read at line 4129. Same off-by-one index permitted by <= MAX at 4025, ui_conn_index = MAX_NUM_ADS_CONNECTIONS causes read beyond array bounds.
Proposed Fix: Same single-char fix at line 4025: < instead of <= eliminates this access.",True Positive
131,OVERRUN,Out-of-bounds read,High,/ats_core_common/DL_ATN_App_VOB/ADSC/ReportMgr/src/ADSC_Event_Cntrt_Rpt.c,4136,fnadsc_rptmgr_process_ec_rpt(),Unclassified,9a6ce0440d62da54867b40f53d3453d1,Unavailable,"gs_ec_rpt_tbl[ui_conn_index].ui_supp_ec_bitmask read at line 4136. ui_conn_index allowed to be MAX_NUM_ADS_CONNECTIONS by the <= check at 4025, off-by-one out-of-bounds read.
Proposed Fix: Same single-char fix at line 4025: < instead of <= eliminates this access.",True Positive
132,OVERRUN,Out-of-bounds access,High,/ats_core_common/DL_ATN_App_VOB/ADSC/ReportMgr/src/ADSC_Event_Cntrt_Rpt.c,4139,fnadsc_rptmgr_process_ec_rpt(),Unclassified,b8801336fcd59ae3ca577441ef078a3e,Unavailable,"fnadsc_rptmgr_process_ec_trg_and_rpt(ui_conn_index, ...) at line 4139 passes out-of-bounds ui_conn_index (= MAX_NUM_ADS_CONNECTIONS from <= check) into a function that indexes gs_ec_rpt_tbl.
Proposed Fix: Same single-char fix at line 4025: < instead of <= eliminates this access.",True Positive
133,OVERRUN,Out-of-bounds read,High,/ats_core_common/DL_ATN_App_VOB/ADSC/ReportMgr/src/ADSC_Event_Cntrt_Rpt.c,4157,fnadsc_rptmgr_process_ec_rpt(),Unclassified,9a6ce0440d62da54867b40f53d3453d1,Unavailable,"gs_ec_rpt_tbl[ui_conn_index].ui_supp_ec_bitmask read at line 4157. ui_conn_index = MAX_NUM_ADS_CONNECTIONS is possible from the <= MAX check at 4025, this is the last of the off-by-one reads in this function.
Proposed Fix: Same single-char fix at line 4025: < instead of <= eliminates this access.",True Positive
134,OVERRUN,Out-of-bounds access,High,/ats_core_common/DL_FANS_App_VOB/FANS_ATC/AFN/src/AFN_C_Downlink.cpp,1048,afn_construct_contact_msg(),Unclassified,0c71c9ff8de5030ac2827486b4102693,Unavailable,"g_st_afn_dlqm_buffer is initialized before afn_construct_contact_msg() is called. ui_index is updated using bounded field lengths, so the message length remains within the buffer limits before line 1048.",False Positive
135,OVERRUN,Out-of-bounds access,High,/ats_core_common/DL_FANS_App_VOB/ACF/src/ACF_C_ACARS_Convergence_Func.cpp,1408,"acf_boa_downlink_msg_processing(dlqm_to_acf_buffer_type const *, acf_downlink_data_type *)",Unclassified,1051a88c9bf2590f145401a0769fa6c5,Unavailable,"acf_boa_downlink_msg_processing() copies data at line 1408 into a fixed-size output field using a bounded count, both source and destination are fixed-size members of their respective structs with matching size declarations.so the copy remains within buffer bounds.",False Positive
136,OVERRUN,Out-of-bounds access,High,/ats_core_common/DL_ATN_App_VOB/CPDLC/SessCtrl/src/CPDLC_USR_FSM.c,13398,"fnCPDLC_Usr_proc_msg_ind(CPDLC_USR_STREAM_INFO_TYPE *, ATN::ATCUplinkMessage *, long)",Unclassified,996b7c11997783c17f06306cb7c0e06c,Unavailable,"fnCPDLC_Usr_proc_msg_ind() validates the CPDLC connection index before proceeding, the array access at line 13398 is inside a branch that is only reached after the connection index has been confirmed valid by the entry-point guard.",False Positive
137,REVERSE_INULL,Dereference before null check,Medium,/ats_core_common/DL_ATN_App_VOB/ADSC/ReportMgr/src/ADSC_Report_Mgr.c,1136,"fnadsc_rptmgr_get_wpt_count_by_epp_time_interval(unsigned short *, unsigned int *, ATS_CORE_IFACE_TYPES::Epp_rec *)",Unclassified,5523803071b452598579cb63c340cab7,Unavailable,"in function fnadsc_rptmgr_get_wpt_count_by_epp_time_interval(), dereferencing the pointer ui_max_wpt_count_ptr at line 1136 first and then checking for NULL condition which causes segmentation fault if the pointer is NULL (NOTE:  In all the places where this function is called address of a proper unsigned inteeger variable is paasing to this pointer to hold which will never becomes NULL, but inside the function pointer is dereferencing first & then checking for NULL condition which has to be changed)
Proposed Fix: remove pointer dereferencing(*ui_max_wpt_count_ptr = 0,) at line 1130 and add it at/after line 1138",True Positive
138,REVERSE_INULL,Dereference before null check,Medium,/ats_core_common/DL_ATN_App_VOB/DSIUser/src/DSIUsrPrmtvProc.cpp,1679,"DSIUsrPrmtvProc::fnBuildDDataReq(unsigned char, unsigned char, DSIUserDataParams *)",Unclassified,b2dd9c4eacac11818aa6a6132d0fe48c,Unavailable,"dpDsiPrimitive is checked for NULL at line 1675 in fnBuildDDataReq() before the block containing line 1679 is entered, the struct member dereference only occurs inside the if(dpDsiPrimitive != NULL) branch.",False Positive
139,REVERSE_INULL,Dereference before null check,Medium,/ats_core_common/DL_ATN_App_VOB/CmAsn/src/pe_ObjectIdentifier.c,129,pe_ObjectIdentifier,Unclassified,3188850c2e920d9e704987ca2cb8d423,Unavailable,"pe_ObjectIdentifier() validates its input pointer before use, line 127&128 gives info that it is a protective code that pvalue cannot be Null as the calling function paases a proper address to hold by pvalue pointer",False Positive
140,STRING_NULL,String not null terminated,High,/ats_core_common/DL_FANS_App_VOB/ADS/ADS_Downlink_Processing/src/Ads_Dnlnk_Proc_Build_Flight_Id_Group.cpp,122,Ads_dlp::build_flight_id_group(),Unclassified,8637bdbfe6530e708a73525ffc65cd35,Unavailable,"strlen(flight_id) at line 122 in build_flight_id_group() is called only after the flight_id_valid flag is checked TRUE at line 111, get_flight_id_group() sets flight_id_valid only when flight_id contains a valid null-terminated string from the FM interface. And flight_id buffer is initialized with an extra size for NULL trmination at line 83 in the same function",False Positive
141,STRING_NULL,String not null terminated,High,/ats_core_common/DL_ATN_App_VOB/CM/Listener/src/CM_LsnrFSM.c,2468,fnCM_LS_Listen_State(CMLsFsmMgr_SPECIFICS *),Unclassified,780971ee31e86f12509b743b5e0f208c,Unavailable,"fnCM_proc_contact_ind() at line 2468 in fnCM_LS_Listen_State() is called only inside the if(bRetResult==TRUE) block at line 2458, bRetResult is set TRUE only after atsProxyApp->get_atc_center_tsap() succeeds and SM_ATC_Center is confirmed valid. ",False Positive
142,STRING_NULL,String not null terminated,High,/ats_core_common/DL_FANS_App_VOB/Common/src/UTL_C_ATC_Formatting_Nav_Pkg.cpp,207,"format_dl_degrees_minutes(bool, double, degree_minutes_type *)",Unclassified,e6dd4fc3acc1f8be82913babb6a0438f,Unavailable,"strncpy at line 206 in format_dl_degrees_minutes() fills uc_minutes with uc_temp which is NULL-terminated by substring(), a PROTECTIVE_CODE length guard at line 202 confirms len+1 fits in uc_minutes before the explicit NULL is written at line 209.",False Positive
143,STRING_NULL,String not null terminated,High,/ats_core_common/DL_ATN_App_VOB/CM/Listener/src/CM_LsnrFSM.c,4925,fnCM_LS_WaitForUser_Logon_State(CMLsFsmMgr_SPECIFICS *),Unclassified,942748ec4fcc5f53239a37770d6555bd,Unavailable,"fnCM_proc_contact_ind() at line 4925 in fnCM_LS_WaitForUser_Logon_State() is called inside if(bRetResult==TRUE) at line 4915, SM_ATC_Center is populated by get_atc_center_tsap() and confirmed valid before the contact indication is processed.",False Positive
