"ref_id","publication_number","title","assignee","priority_date","publication_date","legal_status","cluster","overlap_vs_our_idea","what_it_discloses","differentiation_hook_for_our_filing","source","verification"
"1","US20250260475A1","Systems and methods for aircraft datalink performance monitoring","Satcom Direct LLC","2024-02-09","2025-08-14","Pending","A - Aircraft datalink performance monitoring & ground-side analytics","Critical","Ground-side real/near-real-time monitoring of CPDLC and ADS-C message exchanges; end-to-end performance defined by beginning/ending events; per-transmission-step tx/rx timestamps; comparison to mandated performance benchmarks (PBCS RCP 240 / RSP 180); identification of the transmission step that is the greatest cause of delay; NOC alerting; datalink reconfiguration (VHF <-> satellite); dashboard with ACTP/PORT breakdown; monitoring of pilot operational response time (PORT).","No host-OS/platform telemetry attribution, no certification-evidence output, no AI advisory architecture, no learned threat models.","Google Patents / Justia Patents","Full text retrieved from Google Patents"
"2","US8045977B2","Method for maintaining datalink network throughput by delaying lower priority messages","Honeywell International Inc.","n/v","2011-10-25","Granted","A - Aircraft datalink performance monitoring & ground-side analytics","Moderate","Round-trip message time and channel occupancy measured by avionics software; low-priority messages delayed when congestion thresholds exceeded; implemented in a CMU / communication management function.","Latency thresholding alone is old art.","Google Patents / Justia Patents","Metadata from Google Patents listing"
"3","US8200213B2","Method for maintaining datalink network throughput by delaying lower priority messages","Honeywell International Inc.","n/v","2012-06-12","Granted","A - Aircraft datalink performance monitoring & ground-side analytics","Moderate","System/CMF variant of the same family, explicitly deployed in ADS, airline operational communications and flight-deck communications functions.","Same as US8045977B2.","Google Patents / Justia Patents","Metadata from Justia Patents"
"4","US7027812B2","Channel selection in aircraft communications system by determining zone load and selecting alternate carrier","Honeywell International Inc.","n/v","Granted","Granted","B - Aircraft datalink routing & link selection","Moderate","Selects preferred datalink channel/subnetwork (VHF/HF/SATCOM) using user-defined preference tables and zone load; dynamically reorders preferences based on communication status.","Link selection by load/preference is anticipated.","Google Patents / Justia Patents","Metadata from Google Patents"
"5","US7729263B2","Aircraft data link network routing","Honeywell International Inc.","2007-08-08","Granted","Granted","B - Aircraft datalink routing & link selection","Moderate","Programmable message routing and network selection rules evaluated against aircraft state inputs; network selection and management function monitors and controls interfaces in a CMU; converged service interface with bandwidth allocation.","No diagnosis, no attribution, no certification output.","Google Patents / Justia Patents","Metadata from Google Patents"
"6","US8284674B2","Aircraft data link network routing (continuation)","Honeywell International Inc.","2010-05-28","","Granted","B - Aircraft datalink routing & link selection","Moderate","Continuation covering the converged service interface and dynamic bandwidth allocation.","Same as US7729263B2.","Google Patents / Justia Patents","Metadata from Google Patents"
"7","US20090041041A1","Aircraft data link network routing (publication)","Honeywell International Inc.","2007-08-08","2009-02-12","Published","B - Aircraft datalink routing & link selection","Low","Published routing application; early-priority citation.","Same as US7729263B2.","Google Patents / Justia Patents","Metadata from Google Patents"
"8","EP2023685B1","Aircraft data link network routing (EP family)","Honeywell International Inc.","2007-08-08","","Granted","B - Aircraft datalink routing & link selection","Low","European family member for EP prosecution.","Same as above.","Google Patents / Justia Patents","Metadata from Google Patents"
"9","US8107412B2","Gatelink startup controlled by ACARS CMU","Honeywell family","n/v","2012-01-31","Granted","B - Aircraft datalink routing & link selection","Low","CMU monitors its uplink for enable/disable gatelink signals; airport-list driven activation.","CMU as monitoring point, but only for gatelink enablement.","Google Patents / Justia Patents","Metadata from Google Patents"
"10","US20090040963A1","Gatelink startup controlled by ACARS CMU (publication)","Honeywell family","n/v","2009-02-12","Published","B - Aircraft datalink routing & link selection","Low","Family includes CA2638509A1, US8107412B2.","Same as above.","Google Patents / Justia Patents","Metadata from Google Patents"
"11","EP2040392B1","System and method for wireless routing of data from an aircraft","n/v","n/v","","Granted","A - Aircraft datalink performance monitoring & ground-side analytics","Moderate-High","Avionics communication system (CMU, terminal-area WLAN unit); QAR application sends recordings over the datalink to a ground server that evaluates them for events indicating significant deviation from normal operational parameters, detecting problems before an accident.","Ground-side automated evaluation of downlinked data is old art.","Google Patents / Justia Patents","Metadata + abstract from Google Patents"
"12","US9321542B2","Diagnostics for aircraft","n/v","n/v","2016-04-26","Granted","A - Aircraft datalink performance monitoring & ground-side analytics","Moderate-High","Automated acquisition and fleet-wide ground analysis of aircraft systems data to identify NON-PREDETERMINED troubleshooting procedures; ground support network as central repository; updated procedures redistributed to aircraft.","Anticipates ground-server learning of new fault patterns with push-back; differentiate on what is pushed and how it is gated.","Google Patents / Justia Patents","Metadata + abstract from Google Patents"
"13","US8335601B2","System and method of automated fault analysis and diagnostic testing of an aircraft","n/v","n/v","2012-12-18","Granted","A - Aircraft datalink performance monitoring & ground-side analytics","Moderate","Automated fault analysis and diagnostic testing of an aircraft.","Background diagnostics art.","Google Patents / Justia Patents","Metadata from Google Patents"
"14","US8578037B2","Aircraft data services","n/v","n/v","","Granted","A - Aircraft datalink performance monitoring & ground-side analytics","Low-Moderate","Architecture for delivering aircraft data services including ground-side channel assignment.","Background infrastructure art.","Google Patents / Justia Patents","Metadata from Google Patents"
"15","US7612716B2","Correlation of flight track data with other data sources","n/v","n/v","","Granted","A - Aircraft datalink performance monitoring & ground-side analytics","Moderate","Ground system with ACARS receiver and decoder correlating ACARS data with Mode-S surveillance and airline data; self-learning database of correlations.","Ground ACARS ingest + correlation is anticipated.","Google Patents / Justia Patents","Metadata + claims from Google Patents"
"16","US12150061B2","Aviation connectivity gateway module for remote data offload","n/v","n/v","2024-11-19","Granted","A - Aircraft datalink performance monitoring & ground-side analytics","Low-Moderate","Connectivity gateway module managing remote offload of aircraft data across available links.","Background gateway art.","Google Patents / Justia Patents","Metadata from Google Patents"
"17","US20210024224A1","Systems and methods for automatically recording interactivity and anomaly data at a vehicle","n/v","n/v","2021-01-28","Pending","A+F - Datalink analytics + crew interaction recording","Moderate","Automatically records interactivity and anomaly data at a vehicle including crew interactions.","Keep pilot-action analytics tied to datalink transaction attribution.","Google Patents / Justia Patents","Metadata from Google Patents"
"18","US11257379B2","Emulating a vehicle-communications-center data request to obtain data from a system or subsystem onboard the vehicle","n/v","n/v","2022-02-22","Granted","A - Aircraft datalink performance monitoring & ground-side analytics","Low-Moderate","Emulating a vehicle communications centre data request to pull onboard subsystem data to the ground.","Argue bidirectional performance correlation as the technical difference.","Google Patents / Justia Patents","Metadata from Google Patents"
"19","US20190222298A1","Aviation datalink communications management unit","n/v","n/v","2019-07-18","Published","A - Aircraft datalink performance monitoring & ground-side analytics","Moderate","CMU/flight-deck interface device with ATC menu, LINK TEST function for ACARS/AVLC connectivity, SYSTEM MON page (tuned frequency, status), FAULTS page listing current faults.","CMU link test + fault list is anticipated; novelty must be automated cross-layer correlation and certification output.","Google Patents / Justia Patents","Metadata from Justia Patents"
"20","US7203688B2","Analysing tactical data link messages","n/v","n/v","","Granted","A - Aircraft datalink performance monitoring & ground-side analytics","Moderate","Ground tool storing, grouping, tabulating and filtering data link messages by type/field to expose erroneous or unusual content and interoperability conflicts.","Rule/database datalink message analysis is anticipated.","Google Patents / Justia Patents","Metadata + claims from Google Patents"
"21","CN106516159A","Airborne ACARS and malfunction diagnosis and health management method thereof","CETC Avionics (China Electronics Technology Group)","2016-12-09","2017-03-22","Granted","A - Aircraft datalink performance monitoring & ground-side analytics","Moderate-High","Airborne ACARS with communication unit, communication management unit and integrated modular avionics; method for malfunction diagnosis and health management of the ACARS system.","Direct hit on CMU/ACARS fault diagnosis; differentiate on ground-side attribution + certification evidence.","Google Patents / Justia Patents","Metadata + abstract from Google Patents"
"22","CN121887829A","Airborne network security event processing system and processing method thereof","COMAC (Commercial Aircraft Corporation of China)","2026-01-15","2026-04-17","Pending","C - AI/ML link prediction, interference & threat models","Moderate-High","Airborne security log analysis system monitoring security events, diagnosing severity and generating isolation control signals.","Very recent; monitor family expansion.","Google Patents / Justia Patents","Metadata + abstract from Google Patents"
"23","US12149560B2","Detection of cyber attacks targeting avionics systems","University of North Dakota","2019-01-23","2024-11-19","Granted","C - AI/ML link prediction, interference & threat models","Moderate-High","Detection of cyber attacks targeting avionics systems (WO20202019918).","Core avionics intrusion-detection art; our angle is ground-learned threat models pushed to air with certification gating.","Google Patents / Justia Patents","Metadata from Google Patents"
"24","US11212015B2","Interference suppression using machine learning","The Aerospace Corporation","n/v","2021-12-28","Granted","C - AI/ML link prediction, interference & threat models","Moderate","Trained ML model extracts jammer and noise components from a received RF signal and outputs a cleaned signal; trained on simulated combinations of jammers including GPS jamming.","Differentiate: ground-learned signature libraries distributed as advisory threat models, not in-line suppression.","Google Patents / Justia Patents","Metadata + description from Justia Patents"
"25","US20230007564A1","Adaptive transmission and transmission path selection based on predicted channel state","n/v","2021-06-30","","Pending","C - AI/ML link prediction, interference & threat models","Moderate-High","ML model predicts a future wireless channel state from weights and current/previous states; transmission parameters and paths are selected accordingly.","Generic ML link-state prediction is anticipated; only an aviation-certification-specific variant is defensible.","Google Patents / Justia Patents","Metadata + claims from Google Patents"
"26","US10321517B2","System and method for connecting aircraft to networks on ground","The Boeing Company","2015-01-14","2019-06-11","Granted","B - Aircraft datalink routing & link selection","Moderate","Onboard core network with a gateway switching among wireless/optical/wired/crew wireless links to ground networks.","Make link re-selection claims dependent on the attribution output.","Google Patents / Justia Patents","Metadata from Google Patents"
"27","US11488063B2","Systems and methods for cognitive services of a connected FMS or avionics SaaS platform","Honeywell International Inc.","2019-03-05","2022-11-01","Granted","C - AI/ML link prediction, interference & threat models","Moderate","Cloud/SaaS avionics platform that trains reinforcement-learning models on training data and serves them to a connected FMS/avionics.","Anticipates cloud-trained ML served to avionics; differentiate with certification gating and a non-adaptive airborne partition.","Google Patents / Justia Patents","Metadata + abstract from Google Patents"
"28","US12211388B2","Analysis of aircraft trajectories","Thales","2019-07-25","2025-01-28","Granted","C - AI/ML link prediction, interference & threat models","Moderate","Vectorises aircraft trajectories into enumerator sequences, aligns them and detects anomalies by unsupervised classification; onboard or ground implementation with anomaly communication to ground stations.","Narrow our ML to link/OS telemetry attribution.","Google Patents / Justia Patents","Metadata + abstract from Google Patents"
"29","US11181634B1","Systems and methods of intelligent weather sensing using deep learning","Rockwell Collins Inc.","2018-09-28","2021-11-23","Granted","C - AI/ML link prediction, interference & threat models","Low-Moderate","Weather radar with RF receiver, entity detector and a machine-learning circuit.","Not overlapping; evidence that ML-in-avionics claims are grantable.","Google Patents / Justia Patents","Metadata from Google Patents"
"30","AU2007354885B2","Methods, apparatus and systems for enhanced synthetic vision and multi-sensor data fusion for UAV operation with multiple data links","Honeywell International Inc.","2006-12-06","2011-10-20","Granted","B - Aircraft datalink routing & link selection","Low","Multiple data links between UAV and control station for control and actionable intelligence data.","Multi-link management prior art.","Google Patents / Justia Patents","Metadata from Google Patents"
"31","US20180211261A1","Apparatus and method for qualifying data automatically generated from an unqualified system","Honeywell International Inc.","2017-03-03 (IN 201741002280)","2018-07-26","Pending (granted as US10839401B2)","D - Certification / qualification / AI assurance","High","Receives data automatically generated in an unqualified system that controls or obtains data from a vehicle management system; verifies integrity of the data; if verified, qualifies the data; provides qualified data to a qualified system in the vehicle management system.","Foundational for certifiable-AI-output claims; our integrity verification must use OOD/uncertainty/robustness envelope checks plus an objective-linked evidence bundle.","Google Patents / Justia Patents","Full text retrieved from Google Patents"
"32","US10839401B2","Apparatus and method for qualifying data automatically generated from an unqualified system (granted)","Honeywell International Inc.","2017-03-03","2020-11-17","Granted (adjusted expiry 2038-03-04)","D - Certification / qualification / AI assurance","High","Granted claims of the US20180211261A1 disclosure.","Same as above.","Google Patents / Justia Patents","Full text retrieved from Google Patents"
"33","EP3651022A1","Tool verification system and method of verifying an unqualified component","GE Aviation Systems Limited","2018-11-09","2020-05-13","Pending","D - Certification / qualification / AI assurance","High","Receives communications between a tool and an unverified component, compares the communications with a previously-qualified set of communications, and determines whether the unqualified component can be passed.","Anticipates reference-comparison qualification; use a different verification basis.","Google Patents / Justia Patents","Metadata + abstract from Google Patents"
"34","CN111176978A","Tool verification system and method of verifying an unqualified component (CN family)","GE Aviation Systems Limited","2018-11-09","2020-05-19","Granted","D - Certification / qualification / AI assurance","High","Chinese family member of EP3651022A1.","Same as above; relevant for CN prosecution.","Google Patents / Justia Patents","Metadata from Google Patents"
"35","US11580009B2","Systems and methods for program code defect and acceptability for use within certification","Northrop Grumman Systems Corporation","2021-02-24","2023-02-14","Granted","D - Certification / qualification / AI assurance","Moderate-High","Code development engine evaluates build code to identify and correct coding errors; run-time simulation engine evaluates acceptability of code for use within a certification framework.","Our toolchain claim must be ML-component specific (learning assurance, data qualification, behavioural evidence).","Google Patents / Justia Patents","Metadata + abstract from Google Patents"
"36","US20200167677A1","Generating result explanations for neural networks","International Business Machines Corp. (IBM)","n/v","2020-05-28","Pending","D - Certification / qualification / AI assurance","High (broad XAI claims)","Trains an unexplainable model and an explainable surrogate model on the same data; on query, compares their outputs and returns the explainable model's decision path as the explanation.","Do not claim generic surrogate explanation; claim certification-objective-linked explanation artifacts.","Google Patents / Justia Patents","Metadata + description from Google Patents"
"37","US20230176577A1","Systems and methods for safe and reliable autonomous vehicles","NVIDIA Corporation","2017-11-10","2023-06-08","Pending","E - Runtime assurance / hybrid deterministic + AI","Moderate-High","Vehicle controller with hierarchically interconnected behaviour, lane and route planners plus a behaviour selector executing on deep-learning accelerators.","Differentiate with an explicit untrusted-advisory vs certified-deterministic split plus runtime monitor and rollback tied to datalink diagnostics.","Google Patents / Justia Patents","Metadata + claims from Google Patents"
"38","US10971155B2","Aircraft systems and methods for monitoring onboard communications","Honeywell International Inc.","n/v","2021-04-06","Granted","F - Pilot / crew response & human factors","High","Identifies a functional change to an onboard avionics system, determines an expected pilot callout from rules, monitors an audio input device for the expected callout, and generates a notification when the expected pilot response is absent within a threshold time.","Add the causal link to a datalink transaction and the PORT/human-factors attribution output.","Google Patents / Justia Patents","Metadata + claims from Justia Patents"
"39","US8305208B2","Aircraft uplink message response prompt","Honeywell family","n/v","Granted","Granted","F - Pilot / crew response & human factors","High","Prompts the operator to reply to a datalink (CPDLC) uplink before a timer expires; tracks uplink message state, downlink response input and timer expiry.","Compute PORT-style distributions and attribute delay between human and technical causes with an evidence output.","Google Patents / Justia Patents","Metadata + description from Google Patents"
"40","US9934620B2","System and method for crowd sourcing aircraft data communications","n/v","n/v","2018-04-03","Granted","A - Aircraft datalink performance monitoring & ground-side analytics","Moderate","Crowd-sourcing of aircraft data communications; fleet-sourced aggregation.","Claim federated learning with certification gating and per-aircraft model governance.","Google Patents / Justia Patents","Metadata from Google Patents"
"41","US11150885B2","Method and system for vehicle software management","Transportation IP Holdings LLC","2012-08-22","2021-10-19","Granted","D - Certification / qualification / AI assurance","Low-Moderate","Remote monitoring and diagnostics plus software management across vehicle subsystems; explicitly lists a communication management unit.","Push back advisory data only, not airborne software change.","Google Patents / Justia Patents","Metadata from Google Patents"
"42","BR102012028497A2","Method for aggregating system integrity management information on an aircraft","GE Aviat Systems Ltd","2011-11-09","2014-08-12","Granted","A - Aircraft datalink performance monitoring & ground-side analytics","Low-Moderate","Aggregates system integrity management information across aircraft LRUs including a communication management unit.","CMU health data aggregation is old art.","Google Patents / Justia Patents","Metadata + abstract from Google Patents"
"43","EP3715793A1","Systems and methods for detecting and representing traffic maneuvers on a display","Honeywell International Inc.","2019-03-26","2020-09-30","Pending","F - Pilot / crew response & human factors","Low","Traffic maneuver detection and display; mentions improved pilot response time as a benefit.","Background only.","Google Patents / Justia Patents","Metadata from Google Patents"
"44","US20250259553A1","System and method for atmospheric air density anomaly sensing using refraction","Rockwell Collins Inc.","2024-02-12","2025-08-14","Pending","B - Aircraft datalink routing & link selection","Low","Time-synchronised ground-node / satellite-constellation sensing of atmospheric anomalies via refraction.","Background on ground-network + aircraft timing techniques.","Google Patents / Justia Patents","Metadata from Google Patents"
